ORIGINAL DATA,,,,,
Time,lambda2 Reactor,T2,TIC1,c,f
1.09,0,24.04,27.86,NaN,0
1.59,0,24.01,27.83,NaN,0
2.12,0,24.01,27.83,NaN,0
2.64,0,24.01,27.86,NaN,0
3.11,0.24,23.98,27.83,NaN,0
3.61,0.29,23.98,27.89,NaN,0
4.14,0.29,23.98,27.83,NaN,0
4.65,0.29,23.96,27.83,NaN,0
5.09,0.29,23.96,27.86,NaN,0
5.59,0.29,23.93,27.83,NaN,0
6.09,0.29,23.96,27.83,NaN,0
6.59,0.29,23.96,27.83,NaN,0
7.09,0.29,23.93,27.83,NaN,0
7.87,0.29,23.93,27.83,NaN,0
8.09,0.29,23.93,27.83,NaN,0
8.59,0.29,23.9,27.83,NaN,0
9.09,0.29,23.87,27.83,NaN,0
25.67,0.29,23.9,27.8,NaN,0
25.72,0.29,23.87,27.83,NaN,0
26.09,0.29,23.85,27.83,NaN,0
26.6,0.29,23.87,27.83,NaN,0
27.11,0.29,23.82,27.83,NaN,0
27.59,0.29,23.85,27.83,NaN,0
28.09,0.29,23.82,27.83,NaN,0
28.59,0.29,23.82,27.83,NaN,0
29.09,0.29,23.82,27.83,NaN,0
29.61,0.29,23.82,27.86,NaN,0
30.09,0.29,23.82,27.83,NaN,0
30.59,0.29,23.82,27.89,NaN,0
31.1,0.29,23.82,27.86,NaN,0
31.6,0.29,23.82,27.86,NaN,0
32.09,0.29,23.82,27.86,NaN,0
32.59,0.29,23.79,27.89,NaN,0
33.09,0.29,23.82,27.86,NaN,0
33.59,0.29,23.82,27.86,NaN,0
34.09,0.29,23.82,27.86,NaN,0
34.59,0.29,23.82,27.86,NaN,0
35.09,0.29,23.79,27.86,NaN,0
35.59,0.29,23.82,27.86,NaN,0
36.09,0.29,23.82,27.86,NaN,0
36.59,0.29,23.82,27.86,NaN,0
37.09,0.29,23.79,27.86,NaN,0
37.59,0.29,23.82,27.8,NaN,0
38.09,0.29,23.79,27.86,NaN,0
38.59,0.29,23.85,27.83,NaN,0
39.09,0.29,23.82,27.83,NaN,0
39.59,0.29,23.82,27.83,NaN,0
40.09,0.34,23.82,27.86,NaN,0
40.59,0.34,23.82,27.83,NaN,0
41.09,0.34,23.82,27.83,NaN,0
41.59,0.34,23.82,27.83,NaN,0
42.09,0.34,23.79,27.83,NaN,0
42.59,0.34,23.77,27.8,NaN,0
43.09,0.34,23.79,27.8,NaN,0
43.59,0.34,23.77,27.83,NaN,0
44.09,0.34,23.77,27.83,NaN,0
44.59,0.34,23.79,27.83,NaN,0
45.09,0.34,23.79,27.83,NaN,0
45.59,0.34,23.79,27.83,NaN,0
46.09,0.34,23.79,27.83,NaN,0
46.59,0.34,23.79,27.83,NaN,0
47.09,0.34,23.79,27.86,NaN,0
47.59,0.34,23.79,27.8,NaN,0
48.09,0.34,23.77,27.8,NaN,0
48.59,0.34,23.79,27.83,NaN,0
49.09,0.34,23.79,27.83,NaN,0
49.59,0.34,23.77,27.83,NaN,0
50.09,0.34,23.79,27.83,NaN,0
50.59,0.34,23.77,27.83,NaN,0
51.09,0.34,23.77,27.83,NaN,0
51.59,0.34,23.79,27.86,NaN,0
52.09,0.34,23.79,27.83,NaN,0
52.59,0.34,23.79,27.83,NaN,0
53.09,0.34,23.77,27.8,NaN,0
53.59,0.34,23.77,27.83,NaN,0
54.09,0.34,23.77,27.77,NaN,0
54.59,0.34,23.77,27.83,NaN,0
55.09,0.34,23.77,27.83,NaN,0
55.59,0.34,23.82,27.86,NaN,0
56.09,0.34,23.77,27.83,NaN,0
56.59,0.34,23.79,27.8,NaN,0
57.09,0.34,23.77,27.83,NaN,0
57.59,0.34,23.79,27.83,NaN,0
58.09,0.34,23.77,27.8,NaN,0
58.59,0.34,23.77,27.83,NaN,0
59.09,0.34,23.79,27.83,NaN,0
59.59,0.34,23.79,27.8,NaN,0
60.09,0.34,23.77,27.83,NaN,0
60.59,0.34,23.77,27.83,NaN,0
61.09,0.34,23.79,27.8,NaN,0
61.59,0.34,23.79,27.83,NaN,0
62.09,0.34,23.79,27.83,NaN,0
62.59,0.34,23.77,27.83,NaN,0
63.09,0.34,23.79,27.83,NaN,0
63.59,0.34,23.77,27.8,NaN,0
64.09,0.34,23.82,27.83,NaN,0
64.59,0.34,23.77,27.83,NaN,0
65.09,0.34,23.77,27.83,NaN,0
65.59,0.34,23.77,27.83,NaN,0
66.09,0.29,23.77,27.83,NaN,0
66.59,0.29,23.74,27.83,NaN,0
67.09,0.29,23.77,27.83,NaN,0
67.59,0.29,23.79,27.83,NaN,0
68.09,0.29,23.79,27.83,NaN,0
68.59,0.29,23.77,27.83,NaN,0
69.09,0.24,23.79,27.83,NaN,0
69.59,0.29,23.82,27.83,NaN,0
70.09,0.24,23.79,27.83,NaN,0
70.59,0.24,23.79,27.8,NaN,0
71.09,0.24,23.77,27.83,NaN,0
71.59,0.24,23.79,27.83,NaN,0
72.09,0.24,23.77,27.83,NaN,0
72.59,0.24,23.82,27.83,NaN,0
73.09,0.24,23.74,27.83,NaN,0
73.59,0.24,23.77,27.83,NaN,0
74.09,0.24,23.74,27.83,NaN,0
74.59,0.24,23.79,27.86,NaN,0
75.09,0.24,23.77,27.83,NaN,0
75.59,0.24,23.77,27.83,NaN,0
76.09,0.24,23.77,27.83,NaN,0
76.59,0.24,23.79,27.77,NaN,0
77.09,0.24,23.77,27.8,NaN,0
77.59,0.24,23.79,27.83,NaN,0
78.09,0.24,23.77,27.83,NaN,0
78.59,0.24,23.77,27.83,NaN,0
79.09,0.24,23.77,27.83,NaN,0
79.59,0.24,23.77,27.83,NaN,0
80.09,0.24,23.77,27.83,NaN,0
80.59,0.24,23.77,27.83,NaN,0
81.09,0.24,23.77,27.83,NaN,0
81.59,0.24,23.77,27.83,NaN,0
82.09,0.29,23.77,27.83,NaN,0
82.59,0.29,23.77,27.83,NaN,0
83.09,0.29,23.77,27.83,NaN,0
83.59,0.29,23.77,27.83,NaN,0
84.09,0.29,23.74,27.86,NaN,0
84.59,0.29,23.77,27.83,NaN,0
85.09,0.29,23.74,27.8,NaN,0
85.59,0.29,23.77,27.86,NaN,0
86.09,0.29,23.77,27.8,NaN,0
86.59,0.29,23.77,27.8,NaN,0
87.09,0.29,23.77,27.8,NaN,0
87.59,0.29,23.77,27.83,NaN,0
88.09,0.29,23.74,27.86,NaN,0
88.59,0.29,23.74,27.83,NaN,0
89.09,0.29,23.77,27.83,NaN,0
89.59,0.29,23.74,27.83,NaN,0
90.09,0.29,23.79,27.83,NaN,0
90.59,0.29,23.77,27.83,NaN,0
91.09,0.29,23.74,27.8,NaN,0
91.59,0.29,23.74,27.8,NaN,0
92.09,0.29,23.71,27.83,NaN,0
92.59,0.34,23.74,27.8,NaN,0
93.09,0.34,23.74,27.83,NaN,0
93.59,0.34,23.71,27.83,NaN,0
94.09,0.34,23.74,27.8,NaN,0
94.59,0.34,23.74,27.77,NaN,0
95.09,0.34,23.74,27.8,NaN,0
95.59,0.34,23.77,27.83,NaN,0
96.09,0.34,23.74,27.83,NaN,0
96.59,0.34,23.74,27.8,NaN,0
97.09,0.34,23.71,27.83,NaN,0
97.59,0.34,23.74,27.8,NaN,0
98.09,0.34,23.77,27.8,NaN,0
98.59,0.34,23.74,27.8,NaN,0
99.09,0.34,23.71,27.8,NaN,0
99.59,0.34,23.71,27.83,NaN,0
100.09,0.34,23.71,27.83,NaN,0
100.59,0.34,23.71,27.86,NaN,0
101.09,0.34,23.71,27.83,NaN,0
101.59,0.34,23.71,27.83,NaN,0
102.09,0.34,23.71,27.86,NaN,0
102.59,0.34,23.71,27.83,NaN,0
103.09,0.34,23.71,27.77,NaN,0
103.59,0.34,23.71,27.8,NaN,0
104.09,0.34,23.71,27.8,NaN,0
104.59,0.34,23.71,27.8,NaN,0
105.09,0.34,23.71,27.77,NaN,0
105.59,0.34,23.71,27.83,NaN,0
106.09,0.34,23.71,27.8,NaN,0
106.59,0.34,23.69,27.83,NaN,0
107.09,0.34,23.71,27.8,NaN,0
107.59,0.34,23.71,27.83,NaN,0
108.09,0.34,23.69,27.8,NaN,0
108.59,0.34,23.69,27.83,NaN,0
109.09,0.34,23.69,27.8,NaN,0
109.59,0.34,23.69,27.83,NaN,0
110.09,0.34,23.69,27.83,NaN,0
110.59,0.34,23.69,27.8,NaN,0
111.09,0.34,23.69,27.8,NaN,0
111.59,0.34,23.74,27.8,NaN,0
112.09,0.29,23.69,27.8,NaN,0
112.59,0.29,23.74,27.83,NaN,0
113.09,0.29,23.69,27.8,NaN,0
113.59,0.29,23.71,27.77,NaN,0
114.09,0.29,23.66,27.83,NaN,0
114.59,0.29,23.69,27.8,NaN,0
115.09,0.29,23.69,27.77,NaN,0
115.59,0.29,23.69,27.77,NaN,0
116.09,0.24,23.69,27.8,NaN,0
116.59,0.24,23.71,27.8,NaN,0
117.09,0.24,23.69,27.8,NaN,0
117.59,0.29,23.66,27.8,NaN,0
118.09,0.24,23.69,27.8,NaN,0
118.59,0.29,23.66,27.8,NaN,0
119.09,0.24,23.71,27.8,NaN,0
119.59,0.29,23.69,27.8,NaN,0
120.09,0.29,23.69,27.8,NaN,0
120.59,0.29,23.69,27.8,NaN,0
121.09,0.29,23.69,27.71,NaN,0
121.59,0.29,23.69,27.77,NaN,0
122.09,0.29,23.69,27.77,NaN,0
122.59,0.29,23.69,27.8,NaN,0
123.09,0.29,23.66,27.83,NaN,0
123.59,0.29,23.66,27.8,NaN,0
124.09,0.29,23.69,27.8,NaN,0
124.59,0.29,23.66,27.8,NaN,0
125.09,0.29,23.66,27.8,NaN,0
125.59,0.29,23.66,27.8,NaN,0
126.09,0.24,23.66,27.8,NaN,0
126.59,0.29,23.66,27.8,NaN,0
127.09,0.24,23.69,27.8,NaN,0
127.59,0.29,23.66,27.83,NaN,0
128.09,0.24,23.66,27.77,NaN,0
128.59,0.29,23.66,27.8,NaN,0
129.09,0.24,23.66,27.8,NaN,0
129.59,0.24,23.66,27.8,NaN,0
130.09,0.24,23.69,27.8,NaN,0
130.59,0.24,23.71,27.8,NaN,0
131.09,0.24,23.69,27.8,NaN,0
131.59,0.24,23.66,27.8,NaN,0
132.09,0.24,23.66,27.8,NaN,0
132.59,0.24,23.66,27.77,NaN,0
133.09,0.24,23.69,27.77,NaN,0
133.59,0.24,23.66,27.77,NaN,0
134.09,0.24,23.66,27.83,NaN,0
134.59,0.24,23.69,27.77,NaN,0
135.09,0.24,23.66,27.77,NaN,0
135.59,0.24,23.69,27.77,NaN,0
136.09,0.24,23.66,27.8,NaN,0
136.59,0.24,23.66,27.8,NaN,0
137.09,0.24,23.66,27.8,NaN,0
137.59,0.24,23.66,27.8,NaN,0
138.09,0.29,23.66,27.8,NaN,0
138.59,0.24,23.66,27.8,NaN,0
139.09,0.29,23.66,27.77,NaN,0
139.59,0.29,23.66,27.8,NaN,0
140.09,0.29,23.69,27.8,NaN,0
140.59,0.24,23.63,27.8,NaN,0
141.09,0.29,23.66,27.8,NaN,0
141.59,0.24,23.66,27.8,NaN,0
142.09,0.29,23.66,27.83,NaN,0
142.59,0.29,23.66,27.8,NaN,0
143.09,0.29,23.66,27.8,NaN,0
143.59,0.29,23.69,27.8,NaN,0
144.09,0.29,23.66,27.8,NaN,0
144.59,0.29,23.69,27.8,NaN,0
145.09,0.34,23.66,27.83,NaN,0
145.59,0.29,23.69,27.8,NaN,0
146.09,0.34,23.66,27.8,NaN,0
146.59,0.29,23.66,27.83,NaN,0
147.09,0.34,23.66,27.77,NaN,0
147.59,0.29,23.66,27.8,NaN,0
148.09,0.34,23.66,27.83,NaN,0
148.59,0.29,23.66,27.77,NaN,0
149.09,0.34,23.66,27.8,NaN,0
149.59,0.34,23.66,27.8,NaN,0
150.09,0.34,23.69,27.8,NaN,0
150.59,0.34,23.69,27.8,NaN,0
151.09,0.34,23.66,27.8,NaN,0
151.59,0.34,23.69,27.83,NaN,0
152.09,0.34,23.66,27.8,NaN,0
152.59,0.34,23.63,27.8,NaN,0
153.09,0.34,23.66,27.8,NaN,0
153.59,0.34,23.66,27.83,NaN,0
154.09,0.34,23.66,27.83,NaN,0
154.62,0.34,23.66,27.8,NaN,0
155.09,0.34,23.63,27.83,NaN,0
155.59,0.34,23.66,27.77,NaN,0
156.09,0.34,23.66,27.8,NaN,0
156.59,0.34,23.66,27.8,NaN,0
157.09,0.34,23.66,27.8,NaN,0
157.59,0.34,23.66,27.8,NaN,0
158.09,0.34,23.63,27.83,NaN,0
158.59,0.34,23.63,27.83,NaN,0
159.09,0.34,23.66,27.8,NaN,0
159.59,0.34,23.69,27.83,NaN,0
160.09,0.34,23.63,27.83,NaN,0
160.59,0.34,23.66,27.8,NaN,0
161.09,0.34,23.66,27.83,NaN,0
161.59,0.34,23.66,27.8,NaN,0
162.09,0.34,23.63,27.8,NaN,0
162.59,0.34,23.66,27.8,NaN,0
163.09,0.34,23.66,27.8,NaN,0
163.59,0.34,23.66,27.83,NaN,0
164.09,0.34,23.66,27.8,NaN,0
164.59,0.34,23.66,27.8,NaN,0
165.09,0.34,23.66,27.77,NaN,0
165.59,0.34,23.69,27.77,NaN,0
166.09,0.34,23.66,27.77,NaN,0
166.59,0.34,23.69,27.8,NaN,0
167.09,0.34,23.66,27.77,NaN,0
167.59,0.34,23.63,27.83,NaN,0
168.09,0.29,23.66,27.77,NaN,0
168.59,0.34,23.66,27.8,NaN,0
169.09,0.29,23.69,27.83,NaN,0
169.59,0.29,23.66,27.77,NaN,0
170.09,0.29,23.63,27.8,NaN,0
170.59,0.29,23.66,27.8,NaN,0
171.09,0.24,23.66,27.8,NaN,0
171.59,0.29,23.66,27.8,NaN,0
172.09,0.24,23.63,27.77,NaN,0
172.59,0.29,23.63,27.83,NaN,0
173.09,0.24,23.63,27.8,NaN,0
173.6,0.24,23.66,27.8,NaN,0
174.09,0.24,23.63,27.8,NaN,0
174.59,0.24,23.63,27.77,NaN,0
175.09,0.24,23.63,27.83,NaN,0
175.59,0.24,23.63,27.8,NaN,0
176.09,0.24,23.61,27.8,NaN,0
176.59,0.24,23.63,27.8,NaN,0
177.09,0.24,23.63,27.83,NaN,0
177.59,0.24,23.63,27.83,NaN,0
178.1,0.24,23.63,27.83,NaN,0
178.59,0.24,23.63,27.8,NaN,0
179.09,0.24,23.63,27.8,NaN,0
179.59,0.24,23.63,27.8,NaN,0
180.09,0.24,23.66,27.8,NaN,0
180.59,0.24,23.61,27.77,NaN,0
181.09,0.29,23.63,27.77,NaN,0
181.59,0.24,23.61,27.8,NaN,0
182.09,0.29,23.61,27.77,NaN,0
182.59,0.29,23.63,27.77,NaN,0
183.09,0.29,23.61,27.77,NaN,0
183.59,0.29,23.61,27.8,NaN,0
184.09,0.29,23.58,27.77,NaN,0
184.59,0.29,23.61,27.77,NaN,0
185.09,0.29,23.58,27.8,NaN,0
185.59,0.29,23.58,27.8,NaN,0
186.09,0.34,23.58,27.77,NaN,0
186.59,0.34,23.58,27.77,NaN,0
187.09,0.34,23.61,27.77,NaN,0
187.59,0.34,23.61,27.74,NaN,0
188.09,0.34,23.61,27.77,NaN,0
188.59,0.34,23.58,27.77,NaN,0
189.09,0.34,23.58,27.77,NaN,0
189.59,0.34,23.61,27.77,NaN,0
190.09,0.34,23.58,27.77,NaN,0
190.59,0.34,23.58,27.77,NaN,0
191.09,0.34,23.61,27.77,NaN,0
191.59,0.34,23.61,27.77,NaN,0
192.09,0.34,23.58,27.77,NaN,0
192.59,0.34,23.61,27.83,NaN,0
193.09,0.34,23.61,27.77,NaN,0
193.59,0.34,23.61,27.77,NaN,0
194.09,0.34,23.61,27.77,NaN,0
194.59,0.34,23.61,27.77,NaN,0
195.09,0.34,23.55,27.8,NaN,0
195.59,0.34,23.55,27.77,NaN,0
196.09,0.34,23.61,27.77,NaN,0
196.59,0.34,23.61,27.8,NaN,0
197.09,0.34,23.61,27.83,NaN,0
197.59,0.34,23.61,27.77,NaN,0
198.09,0.34,23.61,27.77,NaN,0
198.59,0.34,23.61,27.77,NaN,0
199.09,0.29,23.58,27.77,NaN,0
199.59,0.29,23.61,27.77,NaN,0
200.09,0.29,23.61,27.77,NaN,0
200.59,0.29,23.61,27.77,NaN,0
201.09,0.29,23.61,27.77,NaN,0
201.59,0.29,23.61,27.77,NaN,0
202.09,0.29,23.61,27.77,NaN,0
202.59,0.29,23.61,27.77,NaN,0
203.09,0.24,23.58,27.77,NaN,0
203.59,0.29,23.58,27.77,NaN,0
204.09,0.24,23.61,27.77,NaN,0
204.59,0.24,23.61,27.74,NaN,0
205.09,0.24,23.61,27.8,NaN,0
205.59,0.24,23.58,27.77,NaN,0
206.09,0.24,23.61,27.8,NaN,0
206.59,0.24,23.61,27.77,NaN,0
207.09,0.24,23.63,27.77,NaN,0
207.59,0.24,23.63,27.77,NaN,0
208.09,0.24,23.61,27.77,NaN,0
208.59,0.24,23.61,27.74,NaN,0
209.09,0.24,23.61,27.77,NaN,0
209.59,0.24,23.63,27.77,NaN,0
210.09,0.24,23.61,27.77,NaN,0
210.59,0.24,23.58,27.77,NaN,0
211.09,0.24,23.58,27.8,NaN,0
211.59,0.24,23.58,27.8,NaN,0
212.09,0.24,23.58,27.77,NaN,0
212.59,0.24,23.58,27.8,NaN,0
213.09,0.24,23.58,27.77,NaN,0
213.59,0.24,23.61,27.77,NaN,0
214.09,0.24,23.61,27.77,NaN,0
214.59,0.24,23.58,27.8,NaN,0
215.09,0.29,23.61,27.8,NaN,0
215.59,0.34,23.58,27.8,NaN,0
216.09,0.34,23.58,27.8,NaN,0
216.59,0.34,23.61,27.8,NaN,0
217.09,0.34,23.55,27.74,NaN,0
217.59,0.39,23.61,27.77,NaN,0
218.09,0.39,23.58,27.77,NaN,0
218.59,0.49,23.58,27.77,NaN,0
219.09,0.49,23.58,27.8,NaN,0
219.59,0.63,23.61,27.77,NaN,0
220.09,0.73,23.55,27.77,NaN,0
220.59,0.83,23.55,27.77,NaN,0
221.09,0.93,23.55,27.8,NaN,0
221.59,1.07,23.58,27.77,NaN,0
222.09,1.17,23.55,27.77,NaN,0
222.59,1.32,23.55,27.77,NaN,0
223.09,1.51,23.55,27.77,NaN,0
223.59,1.66,23.55,27.77,NaN,0
224.09,1.86,23.55,27.77,NaN,0
224.59,2,23.55,27.77,NaN,0
225.09,2.25,23.55,27.77,NaN,0
225.59,2.49,23.55,27.77,NaN,0
226.09,2.64,23.58,27.8,NaN,0
226.59,2.83,23.55,27.77,NaN,0
227.09,2.98,23.55,27.77,NaN,0
227.59,3.22,23.55,27.74,NaN,0
228.09,3.37,23.58,27.8,NaN,0
228.59,3.56,23.55,27.77,NaN,0
229.09,3.71,23.58,27.77,NaN,0
229.59,4.05,23.55,27.8,NaN,0
230.09,4.3,23.55,27.77,NaN,0
230.59,4.39,23.55,27.77,NaN,0
231.09,4.64,23.55,27.77,NaN,0
231.59,4.69,23.55,27.77,NaN,0
232.09,4.88,23.58,27.77,NaN,0
232.59,5.13,23.55,27.77,NaN,0
233.09,5.22,23.53,27.8,NaN,0
233.59,5.42,23.53,27.77,NaN,0
234.09,5.62,23.53,27.77,NaN,0
234.59,5.71,23.55,27.77,NaN,0
235.09,5.91,23.55,27.77,NaN,0
235.59,6.01,23.55,27.77,NaN,0
236.09,6.15,23.58,27.77,NaN,0
236.59,6.35,23.55,27.77,NaN,0
237.09,6.4,23.55,27.77,NaN,0
237.59,6.45,23.58,27.77,NaN,0
238.09,6.74,23.55,27.77,NaN,0
238.59,6.84,23.55,27.74,NaN,0
239.09,6.84,23.58,27.77,NaN,0
239.59,6.98,23.55,27.77,NaN,0
240.09,7.03,23.58,27.77,NaN,0
240.59,7.13,23.55,27.74,NaN,0
241.09,7.23,23.55,27.77,NaN,0
241.59,7.28,23.55,27.8,NaN,0
242.09,7.32,23.58,27.8,NaN,0
242.59,7.37,23.55,27.8,NaN,0
243.09,7.42,23.55,27.8,NaN,0
243.59,7.47,23.55,27.77,NaN,0
244.09,7.52,23.55,27.8,NaN,0
244.59,7.52,23.58,27.77,NaN,0
245.09,7.62,23.58,27.8,NaN,0
245.59,7.62,23.53,27.77,NaN,0
246.09,7.62,23.55,27.77,NaN,0
246.59,7.67,23.55,27.77,NaN,0
247.09,7.67,23.55,27.77,NaN,0
247.59,7.67,23.55,27.77,NaN,0
248.09,7.67,23.58,27.77,NaN,0
248.59,7.67,23.55,27.77,NaN,0
249.09,7.71,23.55,27.77,NaN,0
249.59,7.71,23.55,27.77,NaN,0
250.09,7.71,23.55,27.8,NaN,0
250.59,7.71,23.55,27.8,NaN,0
251.09,7.71,23.58,27.8,NaN,0
251.59,7.71,23.55,27.77,NaN,0
252.09,7.76,23.55,27.77,NaN,0
252.59,7.81,23.58,27.77,NaN,0
253.09,7.81,23.55,27.77,NaN,0
253.6,7.86,23.55,27.83,NaN,0
254.09,7.86,23.55,27.77,NaN,0
254.59,7.91,23.58,27.74,NaN,0
255.09,7.91,23.55,27.77,NaN,0
255.59,7.91,23.55,27.77,NaN,0
256.09,7.96,23.55,27.77,NaN,0
256.59,7.96,23.53,27.77,NaN,0
257.09,7.96,23.55,27.77,NaN,0
257.59,7.96,23.58,27.77,NaN,0
258.09,8.01,23.55,27.77,NaN,0
258.59,8.01,23.58,27.74,NaN,0
259.09,8.01,23.55,27.77,NaN,0
259.59,8.01,23.55,27.77,NaN,0
260.09,8.01,23.55,27.77,NaN,0
260.59,8.01,23.55,27.74,NaN,0
261.09,8.06,23.55,27.77,NaN,0
261.59,8.06,23.55,27.77,NaN,0
262.09,8.06,23.55,27.77,NaN,0
262.59,8.11,23.55,27.77,NaN,0
263.09,8.11,23.58,27.77,NaN,0
263.59,8.11,23.53,27.77,NaN,0
264.09,8.15,23.53,27.74,NaN,0
264.59,8.15,23.58,27.74,NaN,0
265.09,8.15,23.55,27.74,NaN,0
265.59,8.15,23.55,27.77,NaN,0
266.09,8.15,23.55,27.77,NaN,0
266.59,8.15,23.55,27.74,NaN,0
267.09,8.15,23.58,27.74,NaN,0
267.59,8.2,23.53,27.74,NaN,0
268.09,8.2,23.55,27.77,NaN,0
268.59,8.2,23.55,27.77,NaN,0
269.09,8.2,23.58,27.77,NaN,0
269.59,8.2,23.58,27.74,NaN,0
270.09,8.2,23.55,27.77,NaN,0
270.59,8.2,23.53,27.77,NaN,0
271.09,8.2,23.53,27.77,NaN,0
271.59,8.2,23.55,27.77,NaN,0
272.09,8.2,23.55,27.74,NaN,0
272.59,8.2,23.55,27.74,NaN,0
273.09,8.2,23.58,27.8,NaN,0
273.59,8.2,23.5,27.77,NaN,0
274.09,8.2,23.55,27.77,NaN,0
274.59,8.2,23.53,27.77,NaN,0
275.09,8.2,23.58,27.74,NaN,0
275.59,8.2,23.55,27.77,NaN,0
276.09,8.2,23.55,27.77,NaN,0
276.59,8.2,23.55,27.77,NaN,0
277.09,8.2,23.58,27.77,NaN,0
277.62,8.2,23.55,27.77,NaN,0
278.09,8.2,23.55,27.77,NaN,0
278.59,8.2,23.55,27.77,NaN,0
279.09,8.2,23.55,27.77,NaN,0
279.59,8.2,23.55,27.74,NaN,0
280.09,8.2,23.53,27.77,NaN,0
280.59,8.2,23.55,27.74,NaN,0
281.09,8.2,23.58,27.77,NaN,0
281.59,8.2,23.55,27.74,NaN,0
282.09,8.2,23.55,27.74,NaN,0
282.59,8.2,23.53,27.74,NaN,0
283.09,8.2,23.53,27.77,NaN,0
283.59,8.2,23.55,27.74,NaN,0
284.09,8.2,23.55,27.77,NaN,0
284.6,8.2,23.53,27.77,NaN,0
285.09,8.2,23.55,27.77,NaN,0
285.59,8.2,23.53,27.8,NaN,0
286.09,8.2,23.55,27.77,NaN,0
286.59,8.2,23.55,27.77,NaN,0
287.09,8.2,23.55,27.8,NaN,0
287.59,8.2,23.55,27.77,NaN,0
288.09,8.2,23.55,27.77,NaN,0
288.59,8.2,23.55,27.77,NaN,0
289.09,8.2,23.55,27.77,NaN,0
289.59,8.2,23.55,27.77,NaN,0
290.09,8.2,23.55,27.77,NaN,0
290.59,8.2,23.55,27.77,NaN,0
291.09,8.2,23.55,27.8,NaN,0
291.59,8.2,23.55,27.77,NaN,0
292.09,8.2,23.58,27.77,NaN,0
292.59,8.2,23.55,27.77,NaN,0
293.09,8.2,23.58,27.77,NaN,0
293.59,8.2,23.53,27.77,NaN,0
294.09,8.2,23.55,27.77,NaN,0
294.59,8.2,23.55,27.74,NaN,0
295.09,8.2,23.55,27.74,NaN,0
295.59,8.2,23.55,27.77,NaN,0
296.09,8.2,23.58,27.77,NaN,0
296.59,8.2,23.55,27.77,NaN,0
297.09,8.2,23.55,27.77,NaN,0
297.59,8.15,23.55,27.8,NaN,0
298.09,8.11,23.55,27.77,NaN,0
298.59,8.01,23.55,27.74,NaN,0
299.09,8.01,23.55,27.77,NaN,0
299.59,8.01,23.55,27.74,NaN,0
300.09,8.01,23.55,27.77,NaN,0
300.6,8.01,23.55,27.77,NaN,0
301.09,8.01,23.55,27.77,NaN,0
301.59,8.01,23.55,27.77,NaN,0
302.09,8.01,23.55,27.74,NaN,0
302.59,8.01,23.53,27.74,NaN,0
303.09,8.01,23.58,27.74,NaN,0
303.6,8.01,23.55,27.74,NaN,0
304.09,8.01,23.55,27.77,NaN,0
304.59,8.01,23.55,27.74,NaN,0
305.09,8.01,23.55,27.74,NaN,0
305.6,8.01,23.55,27.74,NaN,0
306.09,7.96,23.55,27.77,NaN,0
306.6,7.91,23.55,27.77,NaN,0
307.09,7.91,23.53,27.74,NaN,0
307.59,7.91,23.55,27.77,NaN,0
308.09,7.91,23.55,27.74,NaN,0
308.59,7.91,23.55,27.74,NaN,0
309.09,7.91,23.55,27.74,NaN,0
309.59,7.91,23.55,27.74,NaN,0
310.09,7.91,23.55,27.77,NaN,0
310.59,7.91,23.55,27.77,NaN,0
311.09,7.96,23.55,27.77,NaN,0
311.59,7.96,23.58,27.77,NaN,0
312.09,8.01,23.55,27.77,NaN,0
312.59,8.01,23.53,27.77,NaN,0
313.09,8.01,23.55,27.74,NaN,0
313.59,8.01,23.55,27.77,NaN,0
314.09,8.01,23.55,27.77,NaN,0
314.59,8.01,23.53,27.74,NaN,0
315.09,8.01,23.55,27.74,NaN,0
315.59,8.06,23.55,27.74,NaN,0
316.09,8.06,23.58,27.77,NaN,0
316.59,8.06,23.55,27.77,NaN,0
317.09,8.06,23.55,27.74,NaN,0
317.59,8.11,23.55,27.74,NaN,0
318.09,8.11,23.55,27.74,NaN,0
318.59,8.11,23.53,27.77,NaN,0
319.09,8.11,23.55,27.74,NaN,0
319.59,8.11,23.53,27.74,NaN,0
320.09,8.11,23.55,27.74,NaN,0
320.59,8.11,23.55,27.77,NaN,0
321.09,8.11,23.55,27.77,NaN,0
321.59,8.11,23.55,27.77,NaN,0
322.09,8.15,23.55,27.74,NaN,0
322.59,8.15,23.55,27.74,NaN,0
323.09,8.15,23.55,27.74,NaN,0
323.59,8.15,23.55,27.77,NaN,0
324.09,8.15,23.55,27.74,NaN,0
324.59,8.15,23.55,27.74,NaN,0
325.09,8.15,23.55,27.74,NaN,0
325.59,8.2,23.55,27.77,NaN,0
326.09,8.2,23.53,27.74,NaN,0
326.59,8.2,23.55,27.8,NaN,0
327.09,8.2,23.55,27.74,NaN,0
327.59,8.2,23.55,27.77,NaN,0
328.09,8.2,23.53,27.74,NaN,0
328.59,8.15,23.55,27.77,NaN,0
329.09,8.2,23.55,27.8,NaN,0
329.59,8.2,23.55,27.74,NaN,0
330.09,8.2,23.55,27.77,NaN,0
330.59,8.2,23.53,27.74,NaN,0
331.09,8.2,23.55,27.74,NaN,0
331.59,8.2,23.55,27.74,NaN,0
332.09,8.2,23.55,27.77,NaN,0
332.59,8.2,23.53,27.74,NaN,0
333.09,8.2,23.55,27.77,NaN,0
333.59,8.2,23.58,27.74,NaN,0
334.09,8.2,23.55,27.74,NaN,0
334.59,8.2,23.55,27.77,NaN,0
335.09,8.2,23.55,27.74,NaN,0
335.59,8.2,23.55,27.71,NaN,0
336.09,8.2,23.55,27.71,NaN,0
336.59,8.2,23.53,27.74,NaN,0
337.09,8.2,23.55,27.74,NaN,0
337.59,8.2,23.58,27.74,NaN,0
338.09,8.2,23.55,27.74,NaN,0
338.59,8.2,23.55,27.77,NaN,0
339.09,8.2,23.55,27.74,NaN,0
339.59,8.2,23.55,27.77,NaN,0
340.09,8.2,23.55,27.74,NaN,0
340.59,8.2,23.55,27.74,NaN,0
341.09,8.2,23.55,27.74,NaN,0
341.59,8.2,23.53,27.74,NaN,0
342.09,8.2,23.55,27.77,NaN,0
342.59,8.2,23.55,27.74,NaN,0
343.09,8.2,23.55,27.77,NaN,0
343.59,8.2,23.55,27.74,NaN,0
344.09,8.2,23.55,27.71,NaN,0
344.59,8.2,23.53,27.74,NaN,0
345.09,8.2,23.55,27.74,NaN,0
345.59,8.2,23.55,27.71,NaN,0
346.09,8.2,23.55,27.74,NaN,0
346.59,8.2,23.53,27.74,NaN,0
347.09,8.2,23.55,27.74,NaN,0
347.59,8.2,23.55,27.77,NaN,0
348.09,8.2,23.55,27.74,NaN,0
348.59,8.2,23.55,27.74,NaN,0
349.09,8.2,23.58,27.74,NaN,0
349.59,8.2,23.55,27.74,NaN,0
350.09,8.2,23.55,27.74,NaN,0
350.59,8.2,23.55,27.71,NaN,0
351.09,8.2,23.55,27.74,NaN,0
351.59,8.2,23.55,27.77,NaN,0
352.09,8.2,23.55,27.77,NaN,0
352.59,8.2,23.55,27.8,NaN,0
353.09,8.2,23.55,27.74,NaN,0
353.59,8.2,23.53,27.8,NaN,0
354.09,8.2,23.58,27.77,NaN,0
354.59,8.2,23.53,27.74,NaN,0
355.09,8.2,23.53,27.71,NaN,0
355.59,8.2,23.55,27.77,NaN,0
356.09,8.2,23.55,27.77,NaN,0
356.59,8.2,23.55,27.74,NaN,0
357.09,8.2,23.58,27.74,NaN,0
357.59,8.2,23.55,27.77,NaN,0
358.09,8.2,23.53,27.77,NaN,0
358.59,8.2,23.55,27.74,NaN,0
359.09,8.2,23.55,27.74,NaN,0
359.59,8.2,23.53,27.74,NaN,0
360.09,8.2,23.55,27.77,NaN,0
360.59,8.2,23.55,27.74,NaN,0
361.09,8.2,23.55,27.74,NaN,0
361.59,8.2,23.58,27.74,NaN,0
362.09,8.2,23.53,27.77,NaN,0
362.59,8.2,23.55,27.77,NaN,0
363.09,8.2,23.55,27.74,NaN,0
363.59,8.2,23.55,27.74,NaN,0
364.09,8.2,23.53,27.74,NaN,0
364.59,8.2,23.53,27.77,NaN,0
365.09,8.2,23.55,27.71,NaN,0
365.59,8.2,23.53,27.77,NaN,0
366.09,8.2,23.55,27.74,NaN,0
366.59,8.2,23.55,27.8,NaN,0
367.09,8.2,23.55,27.74,NaN,0
367.59,8.2,23.55,27.74,NaN,0
368.09,8.2,23.53,27.71,NaN,0
368.59,8.2,23.55,27.74,NaN,0
369.09,8.2,23.53,27.74,NaN,0
369.59,8.2,23.58,27.74,NaN,0
370.09,8.2,23.53,27.74,NaN,0
370.59,8.2,23.53,27.71,NaN,0
371.09,8.2,23.55,27.74,NaN,0
371.59,8.2,23.55,27.71,NaN,0
372.09,8.2,23.53,27.74,NaN,0
372.59,8.2,23.55,27.71,NaN,0
373.09,8.2,23.55,27.74,NaN,0
373.59,8.2,23.55,27.74,NaN,0
374.09,8.2,23.55,27.8,NaN,0
374.59,8.2,23.55,27.71,NaN,0
375.09,8.2,23.58,27.71,NaN,0
375.59,8.2,23.55,27.74,NaN,0
376.09,8.2,23.55,27.77,NaN,0
376.59,8.2,23.55,27.74,NaN,0
377.09,8.2,23.55,27.77,NaN,0
377.59,8.2,23.55,27.77,NaN,0
378.09,8.2,23.55,27.77,NaN,0
378.59,8.2,23.55,27.77,NaN,0
379.09,8.2,23.55,27.77,NaN,0
379.59,8.2,23.55,27.74,NaN,0
380.09,8.2,23.55,27.74,NaN,0
380.59,8.2,23.58,27.74,NaN,0
381.09,8.2,23.53,27.74,NaN,0
381.59,8.25,23.53,27.74,NaN,0
382.09,8.25,23.55,27.74,NaN,0
382.59,8.25,23.58,27.74,NaN,0
383.09,8.25,23.53,27.77,NaN,0
383.59,8.25,23.55,27.74,NaN,0
384.09,8.25,23.55,27.74,NaN,0
384.59,8.25,23.53,27.74,NaN,0
385.09,8.25,23.55,27.77,NaN,0
385.59,8.25,23.53,27.74,NaN,0
386.09,8.25,23.55,27.77,NaN,0
386.59,8.25,23.55,27.74,NaN,0
387.09,8.25,23.53,27.77,NaN,0
387.59,8.25,23.55,27.74,NaN,0
388.09,8.25,23.55,27.74,NaN,0
388.59,8.25,23.55,27.74,NaN,0
389.09,8.25,23.55,27.71,NaN,0
389.59,8.25,23.55,27.71,NaN,0
390.09,8.25,23.55,27.71,NaN,0
390.59,8.2,23.55,27.71,NaN,0
391.09,8.2,23.55,27.74,NaN,0
391.59,8.2,23.53,27.71,NaN,0
392.09,8.2,23.55,27.71,NaN,0
392.59,8.2,23.53,27.71,NaN,0
393.09,8.2,23.55,27.74,NaN,0
393.59,8.2,23.53,27.74,NaN,0
394.09,8.2,23.55,27.74,NaN,0
394.59,8.2,23.55,27.74,NaN,0
395.09,8.2,23.55,27.74,NaN,0
395.59,8.2,23.55,27.71,NaN,0
396.09,8.2,23.55,27.74,NaN,0
396.59,8.2,23.55,27.71,NaN,0
397.09,8.2,23.55,27.74,NaN,0
397.59,8.2,23.55,27.71,NaN,0
398.09,8.2,23.55,27.74,NaN,0
398.59,8.2,23.58,27.74,NaN,0
399.09,8.2,23.58,27.74,NaN,0
399.59,8.2,23.53,27.71,NaN,0
400.09,8.2,23.53,27.71,NaN,0
400.59,8.2,23.58,27.71,NaN,0
401.09,8.2,23.53,27.71,NaN,0
401.59,8.2,23.55,27.71,NaN,0
402.09,8.2,23.53,27.74,NaN,0
402.59,8.2,23.55,27.74,NaN,0
403.09,8.2,23.58,27.71,NaN,0
403.6,8.2,23.55,27.71,NaN,0
404.09,8.2,23.55,27.71,NaN,0
404.6,8.2,23.55,27.74,NaN,0
405.1,8.2,23.55,27.71,NaN,0
405.59,8.2,23.55,27.74,NaN,0
406.09,8.2,23.58,27.71,NaN,0
406.59,8.2,23.55,27.71,NaN,0
407.09,8.2,23.55,27.74,NaN,0
407.59,8.2,23.55,27.74,NaN,0
408.09,8.2,23.55,27.71,NaN,0
408.59,8.2,23.55,27.71,NaN,0
409.09,8.2,23.55,27.74,NaN,0
409.59,8.2,23.55,27.71,NaN,0
410.09,8.2,23.55,27.74,NaN,0
410.59,8.2,23.55,27.74,NaN,0
411.09,8.2,23.55,27.74,NaN,0
411.59,8.2,23.55,27.74,NaN,0
412.09,8.2,23.55,27.74,NaN,0
412.59,8.2,23.55,27.74,NaN,0
413.09,8.2,23.55,27.71,NaN,0
413.59,8.2,23.55,27.77,NaN,0
414.09,8.2,23.55,27.74,NaN,0
414.59,8.2,23.53,27.74,NaN,0
415.09,8.2,23.55,27.77,NaN,0
415.59,8.2,23.55,27.77,NaN,0
416.11,8.2,23.55,27.77,NaN,0
416.59,8.2,23.55,27.74,NaN,0
417.09,8.25,23.55,27.74,NaN,0
417.59,8.25,23.55,27.74,NaN,0
418.09,8.25,23.58,27.74,NaN,0
418.59,8.2,23.53,27.71,NaN,0
419.09,8.2,23.53,27.69,NaN,0
419.59,8.2,23.53,27.71,NaN,0
420.09,8.2,23.55,27.74,NaN,0
420.59,8.2,23.55,27.71,NaN,0
421.09,8.2,23.58,27.71,NaN,0
421.59,8.2,23.55,27.74,NaN,0
422.09,8.2,23.55,27.71,NaN,0
422.59,8.2,23.55,27.71,NaN,0
423.09,8.15,23.55,27.74,NaN,0
423.59,8.15,23.55,27.71,NaN,0
424.09,8.15,23.55,27.74,NaN,0
424.59,8.15,23.55,27.74,NaN,0
425.09,8.15,23.55,27.74,NaN,0
425.59,8.15,23.55,27.74,NaN,0
426.09,8.15,23.58,27.74,NaN,0
426.59,8.15,23.55,27.71,NaN,0
427.09,8.15,23.55,27.74,NaN,0
427.59,8.15,23.58,27.71,NaN,0
428.09,8.15,23.55,27.77,NaN,0
428.59,8.15,23.58,27.71,NaN,0
429.11,8.15,23.55,27.74,NaN,0
429.6,8.15,23.55,27.74,NaN,0
430.1,8.15,23.53,27.74,NaN,0
430.59,8.15,23.53,27.71,NaN,0
431.09,8.11,23.55,27.69,NaN,0
431.59,8.11,23.55,27.74,NaN,0
432.09,8.11,23.55,27.71,NaN,0
432.59,8.11,23.55,27.71,NaN,0
433.09,8.11,23.55,27.71,NaN,0
433.59,8.11,23.55,27.74,NaN,0
434.09,8.11,23.53,27.71,NaN,0
434.59,8.11,23.55,27.71,NaN,0
435.09,8.15,23.55,27.71,NaN,0
435.59,8.15,23.53,27.69,NaN,0
436.09,8.15,23.55,27.74,NaN,0
436.59,8.15,23.55,27.71,NaN,0
437.09,8.15,23.55,27.71,NaN,0
437.59,8.15,23.55,27.69,NaN,0
438.09,8.15,23.55,27.69,NaN,0
438.59,8.15,23.55,27.71,NaN,0
439.09,8.15,23.55,27.71,NaN,0
439.59,8.15,23.55,27.71,NaN,0
440.09,8.2,23.55,27.71,NaN,0
440.59,8.2,23.55,27.74,NaN,0
441.09,8.2,23.55,27.71,NaN,0
441.59,8.2,23.55,27.74,NaN,0
442.09,8.2,23.55,27.74,NaN,0
442.59,8.2,23.55,27.74,NaN,0
443.09,8.2,23.55,27.74,NaN,0
443.59,8.2,23.55,27.74,NaN,0
444.09,8.2,23.55,27.71,NaN,0
444.59,8.2,23.53,27.71,NaN,0
445.09,8.2,23.55,27.74,NaN,0
445.59,8.2,23.58,27.71,NaN,0
446.09,8.2,23.58,27.71,NaN,0
446.59,8.2,23.58,27.71,NaN,0
447.09,8.2,23.53,27.71,NaN,0
447.59,8.2,23.55,27.74,NaN,0
448.09,8.2,23.55,27.74,NaN,0
448.59,8.2,23.55,27.71,NaN,0
449.09,8.2,23.55,27.71,NaN,0
449.59,8.2,23.58,27.71,NaN,0
450.09,8.2,23.55,27.77,NaN,0
450.59,8.2,23.55,27.77,NaN,0
451.09,8.2,23.55,27.71,NaN,0
451.59,8.2,23.55,27.71,NaN,0
452.09,8.2,23.55,27.71,NaN,0
452.6,8.2,23.55,27.71,NaN,0
453.09,8.2,23.55,27.71,NaN,0
453.59,8.2,23.53,27.71,NaN,0
454.09,8.2,23.58,27.74,NaN,0
454.59,8.2,23.53,27.74,NaN,0
455.09,8.2,23.55,27.71,NaN,0
455.59,8.2,23.55,27.71,NaN,0
456.09,8.2,23.55,27.74,NaN,0
456.59,8.2,23.55,27.74,NaN,0
457.09,8.2,23.55,27.74,NaN,0
457.59,8.2,23.53,27.74,NaN,0
458.09,8.2,23.58,27.71,NaN,0
458.59,8.2,23.55,27.71,NaN,0
459.09,8.2,23.55,27.71,NaN,0
459.59,8.2,23.55,27.71,NaN,0
460.09,8.2,23.55,27.71,NaN,0
460.59,8.2,23.58,27.71,NaN,0
461.09,8.2,23.55,27.71,NaN,0
461.59,8.2,23.55,27.71,NaN,0
462.09,8.2,23.55,27.71,NaN,0
462.59,8.2,23.55,27.71,NaN,0
463.09,8.2,23.58,27.71,NaN,0
463.59,8.2,23.58,27.71,NaN,0
464.09,8.2,23.58,27.71,NaN,0
464.59,8.2,23.55,27.74,NaN,0
465.09,8.2,23.61,27.71,NaN,0
465.59,8.2,23.55,27.71,NaN,0
466.09,8.2,23.55,27.71,NaN,0
466.59,8.2,23.58,27.71,NaN,0
467.09,8.2,23.58,27.71,NaN,0
467.59,8.2,23.55,27.74,NaN,0
468.09,8.2,23.58,27.71,NaN,0
468.59,8.2,23.58,27.71,NaN,0
469.09,8.2,23.58,27.71,NaN,0
469.59,8.2,23.58,27.71,NaN,0
470.09,8.2,23.58,27.71,NaN,0
470.59,8.2,23.58,27.71,NaN,0
471.09,8.2,23.55,27.71,NaN,0
471.59,8.2,23.55,27.71,NaN,0
472.09,8.2,23.61,27.71,NaN,0
472.59,8.2,23.55,27.74,NaN,0
473.09,8.2,23.58,27.74,NaN,0
473.59,8.2,23.58,27.71,NaN,0
474.09,8.2,23.58,27.71,NaN,0
474.59,8.2,23.58,27.69,NaN,0
475.09,8.2,23.58,27.71,NaN,0
475.59,8.2,23.61,27.71,NaN,0
476.09,8.2,23.61,27.71,NaN,0
476.59,8.2,23.58,27.71,NaN,0
477.09,8.2,23.58,27.71,NaN,0
477.59,8.2,23.58,27.74,NaN,0
478.09,8.2,23.61,27.74,NaN,0
478.59,8.2,23.58,27.74,NaN,0
479.09,8.2,23.61,27.71,NaN,0
479.59,8.2,23.58,27.71,NaN,0
480.09,8.2,23.58,27.71,NaN,0
480.59,8.2,23.61,27.74,NaN,0
481.09,8.2,23.58,27.71,NaN,0
481.59,8.2,23.58,27.71,NaN,0
482.09,8.2,23.58,27.69,NaN,0
482.59,8.2,23.58,27.71,NaN,0
483.09,8.2,23.58,27.74,NaN,0
483.59,8.2,23.58,27.74,NaN,0
484.09,8.2,23.61,27.71,NaN,0
484.59,8.2,23.58,27.71,NaN,0
485.09,8.2,23.58,27.71,NaN,0
485.59,8.2,23.58,27.71,NaN,0
486.09,8.2,23.58,27.71,NaN,0
486.59,8.2,23.58,27.71,NaN,0
487.09,8.2,23.58,27.71,NaN,0
487.59,8.2,23.61,27.71,NaN,0
488.09,8.2,23.58,27.71,NaN,0
488.59,8.2,23.58,27.71,NaN,0
489.09,8.2,23.61,27.71,NaN,0
489.59,8.2,23.58,27.71,NaN,0
490.09,8.2,23.61,27.71,NaN,0
490.59,8.2,23.58,27.71,NaN,0
491.09,8.2,23.61,27.69,NaN,0
491.59,8.2,23.58,27.74,NaN,0
492.09,8.2,23.58,27.74,NaN,0
492.59,8.2,23.58,27.69,NaN,0
493.09,8.2,23.61,27.71,NaN,0
493.59,8.2,23.58,27.71,NaN,0
494.09,8.2,23.61,27.71,NaN,0
494.59,8.2,23.61,27.71,NaN,0
495.09,8.2,23.61,27.69,NaN,0
495.59,8.2,23.58,27.71,NaN,0
496.09,8.2,23.58,27.71,NaN,0
496.59,8.2,23.55,27.71,NaN,0
497.09,8.2,23.55,27.69,NaN,0
497.59,8.2,23.58,27.69,NaN,0
498.09,8.2,23.61,27.71,NaN,0
498.59,8.2,23.58,27.71,NaN,0
499.09,8.2,23.58,27.74,NaN,0
499.59,8.2,23.55,27.71,NaN,0
500.09,8.2,23.58,27.71,NaN,0
500.59,8.2,23.58,27.71,NaN,0
501.09,8.2,23.58,27.71,NaN,0
501.59,8.2,23.58,27.71,NaN,0
502.09,8.2,23.58,27.71,NaN,0
502.59,8.2,23.58,27.74,NaN,0
503.09,8.2,23.58,27.71,NaN,0
503.59,8.2,23.61,27.71,NaN,0
504.09,8.2,23.58,27.71,NaN,0
504.6,8.2,23.61,27.71,NaN,0
505.09,8.2,23.58,27.71,NaN,0
505.59,8.2,23.58,27.71,NaN,0
506.09,8.2,23.58,27.71,NaN,0
506.59,8.2,23.58,27.71,NaN,0
507.09,8.2,23.58,27.71,NaN,0
507.59,8.2,23.55,27.71,NaN,0
508.09,8.2,23.58,27.71,NaN,0
508.59,8.2,23.58,27.66,NaN,0
509.09,8.2,23.58,27.74,NaN,0
509.59,8.2,23.61,27.71,NaN,0
510.09,8.2,23.58,27.71,NaN,0
510.59,8.2,23.58,27.74,NaN,0
511.09,8.2,23.58,27.71,NaN,0
511.59,8.2,23.58,27.71,NaN,0
512.09,8.2,23.55,27.71,NaN,0
512.59,8.2,23.58,27.74,NaN,0
513.09,8.2,23.61,27.74,NaN,0
513.59,8.2,23.58,27.71,NaN,0
514.09,8.2,23.61,27.71,NaN,0
514.59,8.2,23.58,27.74,NaN,0
515.09,8.2,23.58,27.71,NaN,0
515.59,8.2,23.61,27.71,NaN,0
516.09,8.2,23.58,27.71,NaN,0
516.59,8.2,23.61,27.71,NaN,0
517.09,8.2,23.58,27.69,NaN,0
517.59,8.2,23.58,27.71,NaN,0
518.09,8.2,23.55,27.71,NaN,0
518.59,8.2,23.58,27.71,NaN,0
519.09,8.2,23.58,27.69,NaN,0
519.59,8.2,23.55,27.69,NaN,0
520.09,8.2,23.58,27.71,NaN,0
520.59,8.2,23.58,27.71,NaN,0
521.09,8.2,23.58,27.71,NaN,0
521.59,8.2,23.58,27.71,NaN,0
522.09,8.2,23.58,27.74,NaN,0
522.59,8.2,23.61,27.71,NaN,0
523.09,8.2,23.58,27.71,NaN,0
523.59,8.2,23.58,27.71,NaN,0
524.09,8.2,23.61,27.71,NaN,0
524.59,8.2,23.58,27.74,NaN,0
525.09,8.2,23.58,27.71,NaN,0
525.59,8.2,23.58,27.71,NaN,0
526.09,8.2,23.55,27.71,NaN,0
526.59,8.2,23.55,27.71,NaN,0
527.09,8.2,23.55,27.71,NaN,0
527.59,8.2,23.58,27.71,NaN,0
528.09,8.2,23.58,27.71,NaN,0
528.59,8.2,23.58,27.71,NaN,0
529.09,8.2,23.55,27.71,NaN,0
529.59,8.2,23.58,27.71,NaN,0
530.09,8.2,23.55,27.71,NaN,0
530.59,8.2,23.55,27.71,NaN,0
531.09,8.2,23.55,27.71,NaN,0
531.59,8.2,23.55,27.74,NaN,0
532.09,8.2,23.55,27.71,NaN,0
532.59,8.2,23.55,27.71,NaN,0
533.09,8.2,23.58,27.71,NaN,0
533.59,8.2,23.55,27.71,NaN,0
534.09,8.2,23.55,27.74,NaN,0
534.59,8.2,23.55,27.71,NaN,0
535.09,8.2,23.58,27.71,NaN,0
535.59,8.2,23.58,27.74,NaN,0
536.09,8.2,23.55,27.71,NaN,0
536.59,8.2,23.55,27.69,NaN,0
537.09,8.2,23.55,27.71,NaN,0
537.59,8.2,23.55,27.71,NaN,0
538.09,8.2,23.55,27.71,NaN,0
538.59,8.2,23.53,27.71,NaN,0
539.09,8.2,23.53,27.71,NaN,0
539.59,8.2,23.5,27.71,NaN,0
540.09,8.2,23.53,27.71,NaN,0
540.59,8.2,23.55,27.71,NaN,0
541.09,8.2,23.53,27.71,NaN,0
541.59,8.2,23.55,27.74,NaN,0
542.09,8.2,23.55,27.74,NaN,0
542.59,8.2,23.55,27.71,NaN,0
543.09,8.2,23.55,27.69,NaN,0
543.59,8.2,23.55,27.71,NaN,0
544.09,8.2,23.55,27.74,NaN,0
544.59,8.2,23.58,27.71,NaN,0
545.09,8.2,23.58,27.71,NaN,0
545.59,8.2,23.58,27.71,NaN,0
546.09,8.2,23.58,27.74,NaN,0
546.59,8.2,23.58,27.71,NaN,0
547.09,8.2,23.61,27.71,NaN,0
547.59,8.2,23.58,27.71,NaN,0
548.09,8.15,23.58,27.71,NaN,0
548.59,8.15,23.58,27.71,NaN,0
549.09,8.15,23.58,27.71,NaN,0
549.59,8.15,23.58,27.71,NaN,0
550.09,8.2,23.55,27.69,NaN,0
550.59,8.2,23.61,27.69,NaN,0
551.09,8.2,23.55,27.71,NaN,0
551.59,8.2,23.55,27.71,NaN,0
552.09,8.2,23.53,27.71,NaN,0
552.59,8.15,23.55,27.71,NaN,0
553.09,8.15,23.55,27.74,NaN,0
553.59,8.15,23.55,27.71,NaN,0
554.09,8.2,23.55,27.71,NaN,0
554.59,8.2,23.55,27.71,NaN,0
555.09,8.2,23.55,27.71,NaN,0
555.59,8.2,23.53,27.71,NaN,0
556.09,8.15,23.55,27.71,NaN,0
556.59,8.15,23.53,27.71,NaN,0
557.09,8.15,23.53,27.69,NaN,0
557.59,8.15,23.53,27.71,NaN,0
558.09,8.15,23.53,27.74,NaN,0
558.59,7.96,23.53,27.71,NaN,0
559.09,7.91,23.53,27.71,NaN,0
559.59,7.67,23.53,27.71,NaN,0
560.09,7.42,23.53,27.69,NaN,0
560.59,7.32,23.55,27.71,NaN,0
561.09,7.23,23.53,27.69,NaN,0
561.59,7.23,23.53,27.71,NaN,0
562.09,7.13,23.53,27.71,NaN,0
562.59,7.03,23.53,27.71,NaN,0
563.09,6.74,23.53,27.69,NaN,0
563.59,6.64,23.53,27.71,NaN,0
564.09,6.54,23.55,27.71,NaN,0
564.59,6.45,23.53,27.74,NaN,0
565.09,6.35,23.53,27.71,NaN,0
565.59,6.1,23.53,27.74,NaN,0
566.09,6.01,23.5,27.71,NaN,0
566.59,5.96,23.5,27.71,NaN,0
567.09,5.71,23.53,27.71,NaN,0
567.59,5.52,23.5,27.71,NaN,0
568.09,5.22,23.5,27.69,NaN,0
568.59,5.08,23.5,27.71,NaN,0
569.09,4.93,23.5,27.71,NaN,0
569.59,4.79,23.5,27.71,NaN,0
570.09,4.64,23.5,27.71,NaN,0
570.59,4.49,23.5,27.71,NaN,0
571.09,4.35,23.5,27.71,NaN,0
571.59,4.25,23.5,27.69,NaN,0
572.09,4.15,23.5,27.71,NaN,0
572.59,4.1,23.5,27.71,NaN,0
573.09,4.05,23.5,27.71,NaN,0
573.59,4,23.5,27.71,NaN,0
574.09,4,23.53,27.71,NaN,0
574.59,3.96,23.53,27.71,NaN,0
575.09,3.81,23.55,27.69,NaN,0
575.59,3.81,23.53,27.71,NaN,0
576.09,3.81,23.53,27.69,NaN,0
576.59,3.81,23.5,27.69,NaN,0
577.09,3.81,23.55,27.71,NaN,0
577.59,3.81,23.5,27.71,NaN,0
578.09,3.96,23.5,27.69,NaN,0
578.59,4.25,23.5,27.71,NaN,0
579.09,4.54,23.5,27.69,NaN,0
579.59,4.93,23.5,27.69,NaN,0
580.09,5.32,23.53,27.71,NaN,0
580.59,5.66,23.5,27.71,NaN,0
581.09,6.01,23.53,27.69,NaN,0
581.59,6.35,23.5,27.66,NaN,0
582.09,6.59,23.5,27.71,NaN,0
582.59,6.74,23.5,27.69,NaN,0
583.09,7.03,23.5,27.69,NaN,0
583.59,7.18,23.5,27.71,NaN,0
584.09,7.37,23.5,27.71,NaN,0
584.59,7.52,23.5,27.69,NaN,0
585.09,7.62,23.47,27.69,NaN,0
585.59,7.67,23.53,27.69,NaN,0
586.09,7.76,23.5,27.66,NaN,0
586.59,7.81,23.5,27.71,NaN,0
587.09,7.86,23.53,27.71,NaN,0
587.59,7.91,23.5,27.69,NaN,0
588.09,7.96,23.5,27.71,NaN,0
588.59,8.01,23.5,27.69,NaN,0
589.09,8.01,23.5,27.71,NaN,0
589.59,8.01,23.5,27.69,NaN,0
590.09,8.06,23.53,27.71,NaN,0
590.59,8.06,23.53,27.69,NaN,0
591.09,8.06,23.55,27.71,NaN,0
591.59,8.06,23.5,27.71,NaN,0
592.09,8.11,23.53,27.69,NaN,0
592.59,8.11,23.53,27.69,NaN,0
593.09,8.11,23.55,27.71,NaN,0
593.59,8.11,23.53,27.71,NaN,0
594.09,8.11,23.53,27.69,NaN,0
594.59,8.11,23.58,27.71,NaN,0
595.09,8.11,23.55,27.69,NaN,0
595.59,8.11,23.53,27.74,NaN,0
596.09,8.11,23.53,27.71,NaN,0
596.59,8.11,23.53,27.71,NaN,0
597.09,8.11,23.5,27.71,NaN,0
597.59,8.11,23.53,27.69,NaN,0
598.09,8.11,23.53,27.71,NaN,0
598.59,8.11,23.53,27.71,NaN,0
599.09,8.11,23.53,27.71,NaN,0
599.59,8.15,23.53,27.69,NaN,0
600.09,8.11,23.53,27.69,NaN,0
600.59,8.11,23.53,27.69,NaN,0
601.11,8.11,23.53,27.69,NaN,0
601.59,8.15,23.5,27.69,NaN,0
602.09,8.15,23.55,27.69,NaN,0
602.59,8.15,23.5,27.69,NaN,0
603.09,8.15,23.53,27.69,NaN,0
603.59,8.15,23.53,27.69,NaN,0
604.09,8.15,23.5,27.71,NaN,0
604.59,8.15,23.5,27.69,NaN,0
605.09,8.15,23.5,27.71,NaN,0
605.59,8.15,23.5,27.69,NaN,0
606.09,8.15,23.5,27.69,NaN,0
606.59,8.15,23.55,27.69,NaN,0
607.09,8.15,23.47,27.69,NaN,0
607.59,8.15,23.55,27.69,NaN,0
608.09,8.11,23.55,27.69,NaN,0
608.59,8.11,23.55,27.69,NaN,0
609.09,8.11,23.55,27.66,NaN,0
609.59,8.11,23.55,27.66,NaN,0
610.09,8.11,23.55,27.69,NaN,0
610.59,8.11,23.55,27.69,NaN,0
611.09,8.11,23.55,27.71,NaN,0
611.59,8.11,23.55,27.69,NaN,0
612.1,8.11,23.53,27.69,NaN,0
612.61,8.11,23.53,27.66,NaN,0
613.1,8.11,23.53,27.66,NaN,0
613.59,8.11,23.5,27.66,NaN,0
614.1,8.11,23.53,27.69,NaN,0
614.59,8.11,23.5,27.69,NaN,0
615.11,8.11,23.53,27.69,NaN,0
615.6,8.11,23.53,27.69,NaN,0
616.09,8.11,23.53,27.69,NaN,0
616.59,8.11,23.53,27.69,NaN,0
617.09,8.11,23.5,27.71,NaN,0
617.59,8.11,23.5,27.69,NaN,0
618.09,8.11,23.53,27.69,NaN,0
618.59,8.11,23.5,27.69,NaN,0
636.42,8.11,23.5,27.71,NaN,0
636.48,8.15,23.5,27.69,NaN,0
636.59,8.15,23.5,27.71,NaN,0
637.09,8.15,23.53,27.71,NaN,0
637.59,8.15,23.5,27.69,NaN,0
638.09,8.15,23.47,27.71,NaN,0
638.59,8.15,23.5,27.69,NaN,0
639.09,8.15,23.5,27.69,NaN,0
639.59,8.15,23.5,27.69,NaN,0
640.09,8.15,23.53,27.69,NaN,0
640.59,8.15,23.5,27.71,NaN,0
641.09,8.15,23.53,27.71,NaN,0
641.59,8.15,23.47,27.69,NaN,0
642.1,8.15,23.53,27.69,NaN,0
642.61,8.15,23.5,27.71,NaN,0
643.11,8.15,23.5,27.69,NaN,0
643.6,8.15,23.53,27.69,NaN,0
644.11,8.15,23.5,27.69,NaN,0
644.6,8.15,23.5,27.69,NaN,0
645.1,8.15,23.5,27.69,NaN,0
645.6,8.15,23.5,27.66,NaN,0
646.1,8.15,23.47,27.71,NaN,0
646.6,8.15,23.53,27.63,NaN,0
647.1,8.15,23.5,27.66,NaN,0
647.6,8.15,23.5,27.69,NaN,0
648.1,8.15,23.5,27.66,NaN,0
648.61,8.15,23.5,27.66,NaN,0
649.09,8.15,23.5,27.69,NaN,0
649.59,8.15,23.5,27.66,NaN,0
650.09,8.15,23.5,27.63,NaN,0
650.59,8.15,23.5,27.66,NaN,0
651.09,8.15,23.5,27.66,NaN,0
664.44,8.15,23.44,27.69,NaN,0
664.5,8.15,23.47,27.66,NaN,0
664.59,8.15,23.5,27.66,NaN,0
665.09,8.15,23.47,27.69,NaN,0
665.59,8.15,23.47,27.69,NaN,0
666.09,8.15,23.5,27.66,NaN,0
666.59,8.15,23.44,27.66,NaN,0
667.09,8.15,23.47,27.69,NaN,0
667.59,8.15,23.44,27.69,NaN,0
668.09,8.15,23.42,27.69,NaN,0
668.59,8.15,23.44,27.69,NaN,0
669.09,8.15,23.42,27.66,NaN,0
669.59,8.15,23.44,27.66,NaN,0
670.09,8.15,23.44,27.69,NaN,0
670.59,8.15,23.42,27.71,NaN,0
671.09,8.15,23.42,27.66,NaN,0
671.59,8.15,23.42,27.69,NaN,0
672.11,8.15,23.42,27.69,NaN,0
672.59,8.15,23.42,27.69,NaN,0
673.09,8.15,23.42,27.69,NaN,0
673.59,8.15,23.39,27.71,NaN,0
674.09,8.15,23.42,27.69,NaN,0
674.59,8.15,23.42,27.69,NaN,0
675.09,8.15,23.42,27.69,NaN,0
675.59,8.15,23.39,27.69,NaN,0
676.09,8.15,23.44,27.71,NaN,0
676.59,8.15,23.39,27.69,NaN,0
677.09,8.15,23.39,27.69,NaN,0
677.59,8.15,23.42,27.69,NaN,0
678.09,8.15,23.44,27.69,NaN,0
678.6,8.15,23.36,27.69,NaN,0
679.09,8.15,23.39,27.69,NaN,0
679.59,8.15,23.39,27.71,NaN,0
680.09,8.15,23.42,27.71,NaN,0
680.59,8.15,23.39,27.69,NaN,0
681.09,8.15,23.36,27.66,NaN,0
681.59,8.15,23.39,27.69,NaN,0
682.09,8.15,23.42,27.69,NaN,0
682.59,8.15,23.39,27.69,NaN,0
683.09,8.15,23.42,27.69,NaN,0
683.64,8.15,23.42,27.71,NaN,0
684.09,8.15,23.39,27.66,NaN,0
684.59,8.15,23.39,27.69,NaN,0
685.09,8.15,23.39,27.66,NaN,0
685.59,8.15,23.42,27.66,NaN,0
686.09,8.15,23.42,27.69,NaN,0
686.59,8.15,23.42,27.66,NaN,0
687.09,8.15,23.39,27.66,NaN,0
687.59,8.15,23.39,27.69,NaN,0
688.09,8.15,23.39,27.63,NaN,0
688.59,8.15,23.39,27.66,NaN,0
689.09,8.15,23.39,27.66,NaN,0
689.59,8.15,23.39,27.66,NaN,0
690.09,8.15,23.42,27.66,NaN,0
690.59,8.15,23.39,27.66,NaN,0
691.09,8.15,23.39,27.66,NaN,0
691.59,8.15,23.39,27.69,NaN,0
692.09,8.15,23.42,27.69,NaN,0
692.59,8.15,23.39,27.66,NaN,0
693.09,8.15,23.39,27.66,NaN,0
693.59,8.15,23.42,27.66,NaN,0
694.09,8.15,23.39,27.66,NaN,0
694.59,8.15,23.39,27.66,NaN,0
695.09,8.15,23.39,27.66,NaN,0
695.59,8.15,23.42,27.69,NaN,0
696.09,8.15,23.39,27.66,NaN,0
696.59,8.15,23.39,27.66,NaN,0
697.09,8.15,23.42,27.66,NaN,0
697.59,8.15,23.39,27.66,NaN,0
698.09,8.15,23.39,27.66,NaN,0
698.59,8.15,23.42,27.69,NaN,0
699.09,8.15,23.39,27.69,NaN,0
699.59,8.15,23.42,27.69,NaN,0
700.09,8.15,23.42,27.69,NaN,0
700.59,8.15,23.39,27.71,NaN,0
701.09,8.15,23.39,27.69,NaN,0
701.59,8.15,23.39,27.69,NaN,0
702.09,8.15,23.42,27.66,NaN,0
702.59,8.15,23.42,27.66,NaN,0
703.09,8.15,23.42,27.66,NaN,0
703.59,8.15,23.39,27.66,NaN,0
704.09,8.15,23.44,27.66,NaN,0
704.59,8.15,23.42,27.66,NaN,0
705.09,8.15,23.42,27.69,NaN,0
705.59,8.15,23.44,27.66,NaN,0
706.09,8.15,23.39,27.69,NaN,0
706.59,8.15,23.42,27.66,NaN,0
707.09,8.15,23.39,27.69,NaN,0
707.59,8.15,23.42,27.66,NaN,0
708.09,8.2,23.42,27.66,NaN,0
708.59,8.2,23.39,27.66,NaN,0
709.09,8.2,23.42,27.66,NaN,0
709.59,8.2,23.42,27.71,NaN,0
710.09,8.2,23.39,27.66,NaN,0
710.59,8.2,23.39,27.69,NaN,0
711.09,8.2,23.39,27.66,NaN,0
711.59,8.15,23.42,27.69,NaN,0
712.09,8.15,23.39,27.69,NaN,0
712.59,8.2,23.39,27.69,NaN,0
713.09,8.15,23.39,27.63,NaN,0
713.59,8.15,23.39,27.69,NaN,0
714.09,8.15,23.42,27.69,NaN,0
714.59,8.15,23.39,27.66,NaN,0
715.09,8.15,23.39,27.69,NaN,0
715.59,8.15,23.39,27.69,NaN,0
716.09,8.15,23.42,27.71,NaN,0
716.61,8.15,23.39,27.66,NaN,0
717.12,8.2,23.44,27.69,NaN,0
717.59,8.2,23.42,27.69,NaN,0
718.09,8.2,23.42,27.69,NaN,0
718.59,8.2,23.39,27.69,NaN,0
719.09,8.2,23.42,27.63,NaN,0
719.59,8.2,23.39,27.66,NaN,0
720.09,8.2,23.42,27.66,NaN,0
720.59,8.15,23.39,27.69,NaN,0
721.09,8.15,23.42,27.66,NaN,0
721.59,8.15,23.42,27.66,NaN,0
722.09,8.15,23.39,27.66,NaN,0
722.59,8.15,23.42,27.66,NaN,0
723.09,8.15,23.39,27.66,NaN,0
739.78,8.15,23.39,27.66,NaN,0
739.84,8.15,23.39,27.69,NaN,0
740.09,8.15,23.39,27.69,NaN,0
740.59,8.15,23.39,27.66,NaN,0
741.09,8.15,23.42,27.66,NaN,0
741.59,8.15,23.39,27.69,NaN,0
742.09,8.15,23.42,27.63,NaN,0
742.59,8.15,23.42,27.66,NaN,0
743.09,8.15,23.39,27.69,NaN,0
743.59,8.15,23.42,27.69,NaN,0
744.11,8.15,23.42,27.66,NaN,0
744.59,8.15,23.39,27.66,NaN,0
745.1,8.15,23.39,27.66,NaN,0
745.59,8.15,23.42,27.69,NaN,0
746.11,8.15,23.42,27.69,NaN,0
746.59,8.15,23.42,27.66,NaN,0
747.11,8.15,23.42,27.69,NaN,0
747.59,8.15,23.39,27.69,NaN,0
748.1,8.15,23.39,27.69,NaN,0
748.59,8.15,23.39,27.66,NaN,0
749.11,8.15,23.42,27.69,NaN,0
749.6,8.15,23.39,27.69,NaN,0
750.09,8.15,23.42,27.71,NaN,0
750.59,8.15,23.42,27.69,NaN,0
751.09,8.15,23.39,27.69,NaN,0
751.59,8.15,23.42,27.71,NaN,0
752.09,8.15,23.39,27.69,NaN,0
752.59,8.15,23.39,27.69,NaN,0
753.09,8.15,23.42,27.69,NaN,0
753.59,8.15,23.39,27.66,NaN,0
754.09,8.15,23.42,27.69,NaN,0
754.59,8.15,23.44,27.69,NaN,0
755.09,8.15,23.42,27.69,NaN,0
755.59,8.15,23.42,27.69,NaN,0
756.09,8.15,23.42,27.69,NaN,0
756.59,8.15,23.39,27.69,NaN,0
757.09,8.15,23.42,27.66,NaN,0
757.59,8.15,23.42,27.66,NaN,0
758.09,8.15,23.42,27.66,NaN,0
758.59,8.15,23.39,27.66,NaN,0
759.09,8.15,23.42,27.69,NaN,0
759.59,8.15,23.44,27.66,NaN,0
760.09,8.15,23.39,27.69,NaN,0
760.59,8.15,23.42,27.66,NaN,0
761.09,8.15,23.42,27.66,NaN,0
781.32,8.15,23.42,27.66,NaN,0
781.38,8.15,23.42,27.66,NaN,0
781.59,8.15,23.42,27.63,NaN,0
782.09,8.15,23.42,27.66,NaN,0
782.59,8.15,23.42,27.69,NaN,0
783.09,8.15,23.42,27.63,NaN,0
783.59,8.15,23.42,27.69,NaN,0
784.09,8.15,23.44,27.66,NaN,0
784.59,8.15,23.42,27.66,NaN,0
785.09,8.15,23.36,27.69,NaN,0
785.59,8.15,23.42,27.66,NaN,0
786.09,8.15,23.42,27.66,NaN,0
786.59,8.15,23.44,27.66,NaN,0
787.11,8.15,23.42,27.66,NaN,0
787.59,8.15,23.42,27.66,NaN,0
788.09,8.15,23.42,27.66,NaN,0
788.59,8.15,23.42,27.66,NaN,0
789.09,8.15,23.44,27.66,NaN,0
789.59,8.15,23.47,27.66,NaN,0
790.09,8.15,23.44,27.66,NaN,0
790.59,8.15,23.44,27.66,NaN,0
791.09,8.15,23.44,27.63,NaN,0
791.59,8.15,23.44,27.66,NaN,0
792.09,8.15,23.44,27.66,NaN,0
792.59,8.15,23.44,27.66,NaN,0
793.09,8.15,23.47,27.66,NaN,0
793.59,8.15,23.44,27.66,NaN,0
794.09,8.15,23.47,27.66,NaN,0
794.59,8.15,23.44,27.66,NaN,0
795.09,8.15,23.44,27.69,NaN,0
795.59,8.15,23.44,27.66,NaN,0
796.09,8.15,23.44,27.63,NaN,0
796.59,8.15,23.44,27.66,NaN,0
797.09,8.15,23.44,27.66,NaN,0
797.59,8.15,23.44,27.66,NaN,0
798.09,8.15,23.44,27.66,NaN,0
798.59,8.15,23.44,27.66,NaN,0
799.09,8.15,23.47,27.66,NaN,0
799.59,8.15,23.47,27.66,NaN,0
800.09,8.15,23.44,27.69,NaN,0
800.59,8.15,23.44,27.69,NaN,0
801.09,8.15,23.47,27.66,NaN,0
801.59,8.15,23.44,27.66,NaN,0
802.09,8.15,23.44,27.6,NaN,0
802.59,8.15,23.44,27.6,NaN,0
803.09,8.15,23.47,27.66,NaN,0
803.59,8.15,23.47,27.69,NaN,0
804.09,8.15,23.44,27.66,NaN,0
804.59,8.15,23.42,27.66,NaN,0
805.1,8.15,23.44,27.66,NaN,0
805.59,8.15,23.44,27.66,NaN,0
806.09,8.15,23.47,27.66,NaN,0
806.59,8.15,23.44,27.66,NaN,0
807.1,8.15,23.44,27.66,NaN,0
807.59,8.15,23.44,27.66,NaN,0
808.09,8.2,23.44,27.66,NaN,0
808.59,8.2,23.47,27.66,NaN,0
809.09,8.2,23.44,27.66,NaN,0
809.59,8.2,23.44,27.66,NaN,0
810.09,8.2,23.44,27.66,NaN,0
810.59,8.2,23.47,27.66,NaN,0
811.09,8.2,23.44,27.66,NaN,0
811.59,8.2,23.44,27.66,NaN,0
812.09,8.2,23.44,27.66,NaN,0
812.59,8.2,23.47,27.66,NaN,0
813.09,8.2,23.44,27.66,NaN,0
813.59,8.2,23.44,27.63,NaN,0
814.09,8.2,23.47,27.69,NaN,0
814.59,8.2,23.44,27.66,NaN,0
815.09,8.2,23.47,27.66,NaN,0
815.59,8.2,23.44,27.63,NaN,0
816.09,8.2,23.44,27.66,NaN,0
816.59,8.2,23.44,27.66,NaN,0
817.09,8.2,23.44,27.69,NaN,0
817.59,8.2,23.44,27.66,NaN,0
818.09,8.2,23.44,27.63,NaN,0
818.59,8.2,23.44,27.66,NaN,0
819.1,8.2,23.44,27.69,NaN,0
819.59,8.2,23.44,27.66,NaN,0
820.1,8.2,23.44,27.66,NaN,0
820.59,8.2,23.44,27.66,NaN,0
821.09,8.2,23.44,27.63,NaN,0
821.59,8.2,23.47,27.66,NaN,0
822.09,8.2,23.44,27.66,NaN,0
822.59,8.2,23.44,27.66,NaN,0
823.09,8.2,23.44,27.66,NaN,0
823.59,8.2,23.47,27.66,NaN,0
824.09,8.2,23.44,27.66,NaN,0
824.59,8.2,23.42,27.66,NaN,0
825.09,8.2,23.44,27.66,NaN,0
825.59,8.2,23.47,27.66,NaN,0
826.09,8.2,23.47,27.66,NaN,0
826.59,8.2,23.47,27.66,NaN,0
827.09,8.2,23.47,27.66,NaN,0
827.59,8.2,23.47,27.66,NaN,0
828.1,8.2,23.44,27.66,NaN,0
828.6,8.2,23.44,27.66,NaN,0
829.24,8.2,23.47,27.66,NaN,0
829.59,8.2,23.44,27.66,NaN,0
830.09,8.2,23.44,27.69,NaN,0
830.61,8.2,23.44,27.66,NaN,0
831.1,8.2,23.47,27.66,NaN,0
831.6,8.2,23.44,27.66,NaN,0
832.12,8.2,23.47,27.66,NaN,0
832.62,8.2,23.47,27.66,NaN,0
833.09,8.2,23.47,27.66,NaN,0
833.59,8.2,23.5,27.6,NaN,0
834.11,8.2,23.44,27.69,NaN,0
834.59,8.2,23.47,27.66,NaN,0
835.09,8.2,23.47,27.66,NaN,0
835.59,8.15,23.47,27.66,NaN,0
836.09,8.15,23.47,27.66,NaN,0
836.59,8.2,23.44,27.66,NaN,0
837.09,8.15,23.47,27.66,NaN,0
837.59,8.15,23.5,27.66,NaN,0
838.09,8.15,23.53,27.66,NaN,0
838.62,8.15,23.5,27.69,NaN,0
839.09,8.15,23.53,27.66,NaN,0
839.59,8.15,23.5,27.66,NaN,0
840.1,8.15,23.53,27.69,NaN,0
840.59,8.15,23.5,27.63,NaN,0
841.09,8.2,23.5,27.66,NaN,0
841.59,8.15,23.5,27.66,NaN,0
842.09,8.15,23.5,27.69,NaN,0
842.59,8.2,23.53,27.66,NaN,0
843.09,8.15,23.5,27.66,NaN,0
843.59,8.2,23.47,27.66,NaN,0
844.12,8.2,23.5,27.66,NaN,0
844.59,8.2,23.5,27.66,NaN,0
845.1,8.2,23.53,27.66,NaN,0
845.59,8.2,23.5,27.66,NaN,0
846.11,8.2,23.5,27.66,NaN,0
846.59,8.15,23.5,27.66,NaN,0
847.09,8.2,23.5,27.66,NaN,0
847.59,8.15,23.5,27.69,NaN,0
848.09,8.15,23.5,27.66,NaN,0
848.59,8.15,23.5,27.66,NaN,0
849.1,8.15,23.53,27.66,NaN,0
849.59,8.15,23.53,27.66,NaN,0
850.09,8.15,23.55,27.69,NaN,0
850.59,8.15,23.5,27.66,NaN,0
851.09,8.15,23.5,27.66,NaN,0
851.62,8.15,23.5,27.66,NaN,0
852.09,8.15,23.5,27.66,NaN,0
852.59,8.15,23.5,27.66,NaN,0
853.1,8.15,23.5,27.66,NaN,0
853.6,8.15,23.5,27.66,NaN,0
854.09,8.15,23.5,27.69,NaN,0
854.59,8.15,23.53,27.6,NaN,0
855.09,8.15,23.53,27.63,NaN,0
855.59,8.15,23.5,27.66,NaN,0
856.09,8.15,23.53,27.66,NaN,0
856.59,8.15,23.5,27.66,NaN,0
857.09,8.15,23.53,27.66,NaN,0
857.59,8.15,23.53,27.66,NaN,0
858.09,8.01,23.53,27.63,NaN,0
858.59,7.57,23.5,27.63,NaN,0
859.09,7.23,23.5,27.63,NaN,0
859.59,6.84,23.53,27.6,NaN,0
860.1,6.49,23.5,27.66,NaN,0
860.59,6.15,23.5,27.66,NaN,0
861.09,5.91,23.5,27.63,NaN,0
861.59,5.66,23.5,27.69,NaN,0
862.09,5.47,23.55,27.66,NaN,0
862.59,5.22,23.47,27.66,NaN,0
863.09,5.08,23.55,27.63,NaN,0
863.59,4.83,23.5,27.66,NaN,0
864.09,4.64,23.53,27.66,NaN,0
864.59,4.44,23.5,27.66,NaN,0
865.1,4.3,23.5,27.63,NaN,0
865.59,4.1,23.5,27.66,NaN,0
866.09,4,23.5,27.69,NaN,0
866.59,3.91,23.5,27.66,NaN,0
867.09,3.86,23.5,27.66,NaN,0
867.59,3.86,23.5,27.63,NaN,0
868.09,3.81,23.53,27.66,NaN,0
868.59,3.81,23.53,27.66,NaN,0
869.09,3.81,23.55,27.66,NaN,0
869.59,3.81,23.47,27.66,NaN,0
870.09,3.81,23.5,27.66,NaN,0
870.59,3.81,23.5,27.69,NaN,0
871.09,3.81,23.53,27.66,NaN,0
871.59,3.81,23.53,27.66,NaN,0
872.09,3.81,23.53,27.66,NaN,0
872.59,3.86,23.5,27.66,NaN,0
873.09,3.86,23.5,27.69,NaN,0
873.59,3.91,23.53,27.66,NaN,0
874.09,3.96,23.5,27.66,NaN,0
874.59,3.96,23.53,27.66,NaN,0
875.13,3.96,23.53,27.66,NaN,0
875.59,3.96,23.5,27.66,NaN,0
876.09,3.96,23.53,27.66,NaN,0
876.59,3.96,,,,
877.09,3.96,,,,
877.59,3.86,,,,
878.09,3.81,,,,
878.59,3.76,,,,
879.09,3.76,,,,
879.59,3.66,,,,
880.09,3.66,,,,
880.59,3.66,,,,
881.1,3.66,,,,
881.59,3.61,,,,
882.09,3.61,,,,
882.59,3.56,,,,
883.09,3.56,,,,
883.59,3.52,,,,
884.1,3.47,,,,
884.59,3.47,,,,
885.1,3.47,,,,
885.59,3.47,,,,
886.09,3.47,,,,
886.59,3.47,,,,
887.09,3.52,,,,
887.59,3.52,,,,
888.09,3.56,,,,
888.59,3.66,,,,
889.09,3.76,,,,
889.59,3.86,,,,
890.09,3.86,,,,
890.59,3.86,,,,
891.09,3.86,,,,
891.59,3.86,,,,
892.09,3.86,,,,
892.59,3.81,,,,
893.09,3.66,,,,
893.59,3.56,,,,
894.09,3.56,,,,
894.59,3.47,,,,
895.09,3.47,,,,
895.59,3.47,,,,
896.09,3.47,,,,
896.59,3.47,,,,
897.09,3.47,,,,
897.59,3.52,,,,
898.09,3.52,,,,
898.59,3.56,,,,
899.09,3.61,,,,
899.59,3.66,,,,
900.09,3.76,,,,
900.59,3.81,,,,
901.09,3.96,,,,
901.59,3.96,,,,
902.09,3.96,,,,
902.59,3.96,,,,
903.09,3.96,,,,
903.59,3.96,,,,
904.09,3.86,,,,
904.59,3.76,,,,
905.09,3.66,,,,
905.59,3.56,,,,
906.09,3.56,,,,
906.59,3.56,,,,
907.09,3.56,,,,
907.59,3.56,,,,
908.09,3.56,,,,
908.59,3.61,,,,
909.09,3.61,,,,
909.59,3.61,,,,
910.09,3.61,,,,
910.59,3.66,,,,
911.09,3.66,,,,
911.59,3.66,,,,
912.09,3.71,,,,
912.59,3.71,,,,
913.09,3.71,,,,
913.59,3.71,,,,
914.09,3.71,,,,
914.59,3.71,,,,
915.09,3.71,,,,
915.59,3.66,,,,
916.09,3.66,,,,
916.59,3.61,,,,
917.09,3.61,,,,
917.59,3.56,,,,
918.09,3.56,,,,
918.59,3.56,,,,
919.09,3.56,,,,
919.59,3.56,,,,
920.09,3.56,,,,
920.59,3.56,,,,
921.09,3.56,,,,
921.59,3.61,,,,
922.09,3.61,,,,
922.59,3.61,,,,
923.09,3.61,,,,
923.59,3.61,,,,
924.09,3.66,,,,
924.59,3.66,,,,
925.09,3.66,,,,
925.59,3.66,,,,
926.09,3.66,,,,
926.59,3.76,,,,
927.09,3.81,,,,
927.59,3.91,,,,
928.09,3.96,,,,
928.59,4,,,,
929.09,4.05,,,,
929.59,4.05,,,,
930.09,4.05,,,,
930.59,4.05,,,,
931.09,4.05,,,,
931.59,4.05,,,,
932.09,4.05,,,,
932.59,4.05,,,,
933.09,4.05,,,,
933.59,4.05,,,,
934.09,4.05,,,,
934.59,4.1,,,,
935.09,4.1,,,,
935.59,4.1,,,,
936.09,4.15,,,,
936.59,4.2,,,,
937.09,4.44,,,,
937.59,4.74,,,,
938.09,4.74,,,,
938.59,4.74,,,,
939.09,4.74,,,,
939.59,4.74,,,,
940.09,4.74,,,,
940.59,4.74,,,,
941.09,4.74,,,,
941.59,4.74,,,,
942.09,4.74,,,,
942.59,4.74,,,,
943.09,4.74,,,,
943.59,4.79,,,,
944.09,4.79,,,,
944.59,4.83,,,,
945.09,4.83,,,,
945.59,4.83,,,,
946.09,4.83,,,,
946.59,4.83,,,,
947.09,4.88,,,,
947.59,4.93,,,,
948.09,4.93,,,,
948.59,4.93,,,,
949.09,4.93,,,,
949.59,4.93,,,,
950.09,4.93,,,,
950.59,4.83,,,,
951.09,4.83,,,,
951.59,4.69,,,,
952.09,4.54,,,,
952.59,4.39,,,,
953.09,4.35,,,,
953.59,4.25,,,,
954.09,4.1,,,,
954.59,4.05,,,,
955.09,3.86,,,,
955.59,3.76,,,,
956.09,3.56,,,,
956.59,3.47,,,,
957.09,3.32,,,,
957.59,3.12,,,,
958.09,2.93,,,,
958.59,2.88,,,,
959.09,2.69,,,,
959.59,2.54,,,,
960.1,2.39,,,,
960.59,2.34,,,,
961.09,2.15,,,,
961.59,2,,,,
962.09,1.86,,,,
962.59,1.76,,,,
963.09,1.66,,,,
963.59,1.56,,,,
964.09,1.46,,,,
964.59,1.42,,,,
965.09,1.27,,,,
965.59,1.22,,,,
966.09,1.12,,,,
966.59,1.07,,,,
967.09,0.98,,,,
967.59,0.93,,,,
968.09,0.93,,,,
968.59,0.88,,,,
969.09,0.83,,,,
969.59,0.73,,,,
970.09,0.73,,,,
970.59,0.68,,,,
971.09,0.68,,,,
971.59,0.68,,,,
972.09,0.63,,,,
972.59,0.59,,,,
973.09,0.54,,,,
973.59,0.54,,,,
974.09,0.54,,,,
974.59,0.54,,,,
975.09,0.49,,,,
975.59,0.49,,,,
976.09,0.49,,,,
976.59,0.44,,,,
977.09,0.44,,,,
977.59,0.44,,,,
978.09,0.44,,,,
978.59,0.39,,,,
979.09,0.39,,,,
979.59,0.39,,,,
980.09,0.39,,,,
980.59,0.34,,,,
981.09,0.34,,,,
981.59,0.34,,,,
982.09,0.34,,,,
982.59,0.34,,,,
983.09,0.34,,,,
983.59,0.34,,,,
984.09,0.34,,,,
984.59,0.34,,,,
985.09,0.34,,,,
985.59,0.34,,,,
986.09,0.34,,,,
986.59,0.34,,,,
987.09,0.34,,,,
987.59,0.34,,,,
988.09,0.34,,,,
988.59,0.34,,,,
989.09,0.34,,,,
989.59,0.34,,,,
990.09,0.34,,,,
990.59,0.34,,,,
991.09,0.34,,,,
991.59,0.34,,,,
992.09,0.34,,,,
992.59,0.34,,,,
993.09,0.34,,,,
993.59,0.34,,,,
994.09,0.34,,,,
994.59,0.34,,,,
995.09,0.29,,,,
995.59,0.34,,,,
996.09,0.29,,,,
996.59,0.34,,,,
997.09,0.34,,,,
997.59,0.34,,,,
998.09,0.34,,,,
998.59,0.34,,,,
999.09,0.34,,,,
1019.94,0.34,,,,
1020,0.34,,,,
1020.09,0.34,,,,
1020.59,0.34,,,,
1021.09,0.34,,,,
1021.59,0.34,,,,
1022.09,0.34,,,,
1022.64,0.34,,,,
1023.09,0.34,,,,
1023.59,0.34,,,,
1024.09,0.34,,,,
1024.89,0.34,,,,
1025.09,0.34,,,,
1025.59,0.34,,,,
1026.09,0.34,,,,
1026.68,0.34,,,,
1027.28,0.34,,,,
1027.6,0.34,,,,
1028.1,0.34,,,,
1028.62,0.34,,,,
1029.1,0.34,,,,
1029.61,0.34,,,,
1030.09,0.34,,,,
1030.59,0.34,,,,
1031.1,0.34,,,,
1031.59,0.34,,,,
1032.09,0.34,,,,
1032.59,0.34,,,,
1033.09,0.34,,,,
1033.59,0.34,,,,
1034.09,0.34,,,,
1034.59,0.34,,,,
1035.09,0.34,,,,
1035.59,0.34,,,,
1036.09,0.34,,,,
1036.59,0.34,,,,
1037.09,0.34,,,,
1037.59,0.34,,,,
1038.09,0.34,,,,
1038.59,0.34,,,,
1039.09,0.34,,,,
1039.59,0.34,,,,
1040.09,0.34,,,,
1040.59,0.34,,,,
1041.09,0.34,,,,
1041.59,0.34,,,,
1042.09,0.34,,,,
1042.59,0.29,,,,
1043.11,0.29,,,,
1043.61,0.29,,,,
1044.09,0.29,,,,
1044.63,0.29,,,,
1045.09,0.29,,,,
1045.59,0.29,,,,
1046.09,0.29,,,,
1046.59,0.29,,,,
1047.09,0.29,,,,
1047.59,0.29,,,,
1048.09,0.29,,,,
1048.59,0.29,,,,
1049.09,0.29,,,,
1049.59,0.29,,,,
1050.09,0.29,,,,
1050.59,0.29,,,,
1051.09,0.29,,,,
1051.59,0.29,,,,
1052.09,0.29,,,,
1052.59,0.29,,,,
1053.09,0.29,,,,
1053.59,0.29,,,,
1054.09,0.34,,,,
1054.59,0.29,,,,
1079.74,0.29,,,,
1079.81,0.29,,,,
1080.09,0.29,,,,
1080.59,0.29,,,,
1081.09,0.29,,,,
1081.59,0.29,,,,
1082.09,0.24,,,,
1082.59,0.24,,,,
1083.09,0.24,,,,
1083.59,0.24,,,,
1084.09,0.24,,,,
1084.59,0.29,,,,
1085.09,0.24,,,,
1085.59,0.29,,,,
1086.09,0.24,,,,
1086.59,0.29,,,,
1087.09,0.29,,,,
1087.59,0.29,,,,
1088.09,0.29,,,,
1088.59,0.29,,,,
1089.09,0.29,,,,
1089.6,0.29,,,,
1090.09,0.29,,,,
1090.59,0.29,,,,
1091.09,0.29,,,,
1091.59,0.29,,,,
1092.09,0.29,,,,
1092.59,0.29,,,,
1093.09,0.29,,,,
1093.59,0.29,,,,
1094.09,0.29,,,,
1094.59,0.34,,,,
1095.09,0.29,,,,
1095.59,0.34,,,,
1096.09,0.29,,,,
1096.59,0.34,,,,
1097.09,0.29,,,,
1097.59,0.34,,,,
1098.09,0.29,,,,
1098.59,0.34,,,,
1099.09,0.29,,,,
1099.59,0.34,,,,
1100.09,0.29,,,,
1100.6,0.34,,,,
1101.09,0.29,,,,
1101.59,0.34,,,,
1102.09,0.29,,,,
1102.59,0.34,,,,
1103.09,0.29,,,,
1103.59,0.34,,,,
1104.09,0.34,,,,
1104.59,0.34,,,,
1105.09,0.34,,,,
1105.59,0.34,,,,
1106.09,0.34,,,,
1106.59,0.34,,,,
1107.09,0.34,,,,
1107.59,0.34,,,,
1108.09,0.34,,,,
1108.59,0.34,,,,
1109.09,0.34,,,,
1109.59,0.34,,,,
1110.09,0.34,,,,
1110.59,0.34,,,,
1111.09,0.34,,,,
1111.59,0.34,,,,
1112.09,0.34,,,,
1112.6,0.34,,,,
1113.09,0.34,,,,
1113.59,0.34,,,,
1114.09,0.34,,,,
1114.59,0.34,,,,
1115.09,0.34,,,,
1115.59,0.34,,,,
1116.09,0.34,,,,
1116.59,0.34,,,,
1117.09,0.34,,,,
1117.6,0.34,,,,
1118.09,0.34,,,,
1118.59,0.34,,,,
1119.09,0.34,,,,
1119.59,0.34,,,,
1120.09,0.34,,,,
1120.59,0.34,,,,
1121.09,0.34,,,,
1121.59,0.34,,,,
1122.09,0.34,,,,
1122.59,0.34,,,,
1123.09,0.34,,,,
1123.59,0.34,,,,
1124.09,0.34,,,,
1124.59,0.34,,,,
1125.09,0.34,,,,
1125.59,0.34,,,,
1126.09,0.34,,,,
1126.59,0.34,,,,
1127.09,0.34,,,,
1127.59,0.34,,,,
1128.09,0.34,,,,
1128.6,0.34,,,,
1129.09,0.34,,,,
1129.59,0.34,,,,
1130.09,0.34,,,,
1130.59,0.34,,,,
1131.09,0.34,,,,
1131.59,0.34,,,,
1132.09,0.34,,,,
1132.59,0.34,,,,
1133.09,0.34,,,,
1133.59,0.34,,,,
1134.09,0.34,,,,
1134.59,0.34,,,,
1135.09,0.34,,,,
1135.59,0.34,,,,
1136.09,0.34,,,,
1136.59,0.34,,,,
1137.09,0.34,,,,
1137.59,0.34,,,,
1138.09,0.34,,,,
1138.59,0.34,,,,
1139.09,0.34,,,,
1139.59,0.34,,,,
1140.09,0.34,,,,
1140.59,0.34,,,,
1141.09,0.34,,,,
1141.59,0.34,,,,
1142.09,0.34,,,,
1142.59,0.34,,,,
1143.09,0.34,,,,
1143.6,0.34,,,,
1144.09,0.34,,,,
1144.59,0.34,,,,
1145.09,0.34,,,,
1145.59,0.34,,,,
1146.09,0.34,,,,
1146.59,0.34,,,,
1147.09,0.34,,,,
1147.59,0.34,,,,
1148.09,0.34,,,,
1148.59,0.34,,,,
1149.09,0.34,,,,
1149.59,0.34,,,,
1150.09,0.34,,,,
1150.59,0.34,,,,
1151.09,0.34,,,,
1151.59,0.34,,,,
1152.1,0.34,,,,
1152.59,0.34,,,,
1153.09,0.34,,,,
1153.59,0.34,,,,
1154.09,0.34,,,,
1154.59,0.34,,,,
1155.09,0.34,,,,
1155.59,0.34,,,,
1156.09,0.34,,,,
1156.59,0.34,,,,
1157.09,0.34,,,,
1157.59,0.34,,,,
1158.09,0.34,,,,
1158.59,0.34,,,,
1159.09,0.34,,,,
1159.59,0.34,,,,
1160.09,0.34,,,,
1160.59,0.34,,,,
1161.09,0.34,,,,
1161.59,0.34,,,,
1162.09,0.34,,,,
1162.59,0.34,,,,
1163.09,0.34,,,,
1163.59,0.34,,,,
1164.09,0.34,,,,
1164.59,0.34,,,,
1165.09,0.34,,,,
1165.59,0.34,,,,
1166.18,0.34,,,,
1166.59,0.34,,,,
1167.09,0.34,,,,
1167.59,0.34,,,,
1168.09,0.34,,,,
1168.59,0.34,,,,
1169.09,0.34,,,,
1169.59,0.34,,,,
1170.09,0.34,,,,
1170.59,0.34,,,,
1171.09,0.34,,,,
1171.59,0.34,,,,
1172.09,0.34,,,,
1172.59,0.34,,,,
1173.09,0.34,,,,
1173.59,0.34,,,,
1174.09,0.34,,,,
1174.59,0.34,,,,
1175.09,0.34,,,,
1175.59,0.34,,,,
1176.09,0.34,,,,
1176.59,0.34,,,,
1177.09,0.34,,,,
1177.59,0.34,,,,
1178.09,0.34,,,,
1178.59,0.34,,,,
1179.09,0.34,,,,
1179.59,0.34,,,,
1180.09,0.34,,,,
1180.59,0.34,,,,
1181.09,0.34,,,,
1181.59,0.34,,,,
1182.09,0.34,,,,
1182.59,0.29,,,,
1183.09,0.34,,,,
1183.59,0.29,,,,
1184.09,0.34,,,,
1184.59,0.29,,,,
1185.09,0.34,,,,
1185.59,0.29,,,,
1186.09,0.34,,,,
1186.59,0.29,,,,
1187.09,0.34,,,,
1187.59,0.29,,,,
1188.09,0.34,,,,
1188.59,0.29,,,,
1189.09,0.34,,,,
1189.59,0.29,,,,
1190.09,0.34,,,,
1190.59,0.29,,,,
1191.09,0.34,,,,
1191.59,0.29,,,,
1192.09,0.34,,,,
1192.59,0.29,,,,
1193.09,0.34,,,,
1193.59,0.29,,,,
1194.09,0.34,,,,
1194.59,0.29,,,,
1195.09,0.34,,,,
1195.59,0.29,,,,
1196.09,0.34,,,,
1196.59,0.29,,,,
1197.09,0.34,,,,
1197.59,0.29,,,,
1198.09,0.34,,,,
1198.59,0.29,,,,
1199.09,0.34,,,,
1199.59,0.29,,,,
1200.09,0.34,,,,
1200.59,0.29,,,,
1201.09,0.34,,,,
1201.59,0.29,,,,
1202.09,0.34,,,,
1202.59,0.29,,,,
1203.09,0.34,,,,
1203.59,0.34,,,,
1204.09,0.34,,,,
1204.59,0.34,,,,
1205.09,0.34,,,,
1205.59,0.34,,,,
1206.09,0.34,,,,
1206.59,0.34,,,,
1207.09,0.34,,,,
1207.59,0.29,,,,
1208.09,0.29,,,,
1208.59,0.29,,,,
1209.09,0.24,,,,
1209.59,0.24,,,,
1210.09,0.24,,,,
1210.59,0.24,,,,
1211.09,0.24,,,,
1211.59,0.24,,,,
1212.09,0.24,,,,
1212.59,0.24,,,,
1213.09,0.24,,,,
1213.59,0.24,,,,
1214.09,0.24,,,,
1214.59,0.24,,,,
1215.09,0.24,,,,
1215.59,0.29,,,,
1216.09,0.29,,,,
1216.59,0.29,,,,
1217.09,0.29,,,,
1217.59,0.29,,,,
1218.09,0.29,,,,
1218.59,0.29,,,,
1219.09,0.24,,,,
1219.59,0.24,,,,
1220.09,0.29,,,,
1220.6,0.29,,,,
1221.09,0.29,,,,
1221.59,0.29,,,,
1222.09,0.29,,,,
1222.59,0.29,,,,
1223.09,0.29,,,,
1223.59,0.29,,,,
1224.09,0.29,,,,
1224.59,0.34,,,,
1225.09,0.34,,,,
1225.59,0.34,,,,
1226.09,0.34,,,,
1226.59,0.34,,,,
1227.09,0.34,,,,
1227.59,0.34,,,,
1228.09,0.34,,,,
1228.59,0.34,,,,
1229.09,0.34,,,,
1229.59,0.34,,,,
1230.09,0.34,,,,
1230.59,0.34,,,,
1231.09,0.34,,,,
1231.59,0.34,,,,
1232.09,0.34,,,,
1232.6,0.34,,,,
1233.09,0.34,,,,
1233.59,0.34,,,,
1234.09,0.34,,,,
1234.59,0.34,,,,
1235.09,0.34,,,,
1235.59,0.34,,,,
1236.09,0.34,,,,
1236.59,0.34,,,,
1237.09,0.34,,,,
1237.59,0.34,,,,
1238.09,0.34,,,,
1238.6,0.34,,,,
1239.09,0.34,,,,
1239.6,0.34,,,,
1240.09,0.34,,,,
1240.6,0.34,,,,
1241.09,0.34,,,,
1241.59,0.34,,,,
1242.09,0.34,,,,
1242.6,0.34,,,,
1243.13,0.34,,,,
1243.59,0.34,,,,
1244.09,0.34,,,,
1244.59,0.34,,,,
1245.09,0.34,,,,
1245.59,0.29,,,,
1246.09,0.29,,,,
1246.59,0.29,,,,
1247.09,0.29,,,,
1247.59,0.29,,,,
1248.09,0.29,,,,
1248.59,0.29,,,,
1249.09,0.29,,,,
1249.59,0.29,,,,
1250.09,0.29,,,,
1250.59,0.29,,,,
1251.09,0.29,,,,
1251.62,0.29,,,,
1252.09,0.29,,,,
1252.59,0.29,,,,
1253.09,0.29,,,,
1253.59,0.29,,,,
1254.09,0.29,,,,
1254.59,0.29,,,,
1255.09,0.29,,,,
1255.63,0.29,,,,
1256.09,0.29,,,,
1256.59,0.29,,,,
1257.09,0.29,,,,
1257.59,0.29,,,,
1258.09,0.29,,,,
1258.59,0.29,,,,
1259.09,0.29,,,,
1259.59,0.29,,,,
1260.09,0.29,,,,
1260.59,0.29,,,,
1261.09,0.29,,,,
1261.59,0.29,,,,
1262.09,0.29,,,,
1262.59,0.29,,,,
1263.09,0.29,,,,
1263.59,0.29,,,,
1264.09,0.29,,,,
1264.59,0.29,,,,
1265.09,0.29,,,,
1265.59,0.29,,,,
1266.09,0.29,,,,
1266.59,0.29,,,,
1267.09,0.29,,,,
1267.59,0.29,,,,
1268.09,0.29,,,,
1268.59,0.29,,,,
1269.09,0.29,,,,
1269.6,0.29,,,,
1270.09,0.29,,,,
1270.59,0.29,,,,
1271.09,0.29,,,,
1271.59,0.29,,,,
1272.09,0.29,,,,
1272.59,0.29,,,,
1273.09,0.29,,,,
1273.59,0.29,,,,
1274.09,0.29,,,,
1274.59,0.29,,,,
1275.09,0.29,,,,
1275.59,0.29,,,,
1276.09,0.29,,,,
1276.59,0.29,,,,
1277.09,0.29,,,,
1277.59,0.29,,,,
1278.09,0.29,,,,
1278.59,0.29,,,,
1279.09,0.29,,,,
1279.59,0.29,,,,
1280.09,0.29,,,,
1280.59,0.29,,,,
1281.09,0.29,,,,
1281.59,0.29,,,,
1282.09,0.29,,,,
1282.59,0.29,,,,
1283.09,0.29,,,,
1283.59,0.29,,,,
1284.09,0.29,,,,
1284.59,0.29,,,,
1285.09,0.29,,,,
1285.59,0.29,,,,
1286.09,0.24,,,,
1286.59,0.29,,,,
1287.09,0.29,,,,
1287.6,0.29,,,,
1288.09,0.29,,,,
1288.59,0.29,,,,
1289.09,0.29,,,,
1289.59,0.29,,,,
1290.09,0.29,,,,
1290.59,0.29,,,,
1291.09,0.34,,,,
1291.59,0.34,,,,
1292.09,0.34,,,,
1292.59,0.34,,,,
1293.09,0.34,,,,
1293.59,0.34,,,,
1294.09,0.34,,,,
1294.59,0.34,,,,
1295.09,0.34,,,,
1295.59,0.34,,,,
1296.09,0.34,,,,
1296.59,0.34,,,,
1297.09,0.34,,,,
1297.59,0.34,,,,
1298.09,0.34,,,,
1298.59,0.34,,,,
1299.09,0.34,,,,
1299.59,0.34,,,,
1300.09,0.29,,,,
1300.59,0.29,,,,
1301.09,0.29,,,,
1301.59,0.29,,,,
1302.09,0.29,,,,
1302.59,0.29,,,,
1303.09,0.29,,,,
1303.59,0.29,,,,
1304.09,0.24,,,,
1304.6,0.24,,,,
1305.09,0.24,,,,
1305.59,0.24,,,,
1306.09,0.24,,,,
1306.59,0.24,,,,
1307.09,0.24,,,,
1307.59,0.24,,,,
1308.09,0.24,,,,
1308.59,0.24,,,,
1309.09,0.24,,,,
1309.59,0.24,,,,
1310.09,0.24,,,,
1310.59,0.24,,,,
1311.09,0.24,,,,
1311.59,0.2,,,,
1312.09,0.24,,,,
1312.59,0.2,,,,
1313.09,0.2,,,,
1313.6,0.2,,,,
1314.09,0.2,,,,
1314.59,0.15,,,,
1315.09,0.2,,,,
1315.59,0.15,,,,
1316.09,0.2,,,,
1316.59,0.15,,,,
1317.09,0.15,,,,
1317.6,0.15,,,,
1318.09,0.15,,,,
1318.6,0.15,,,,
1319.09,0.15,,,,
1319.6,0.15,,,,
1320.09,0.15,,,,
1320.59,0.15,,,,
1321.09,0.15,,,,
1321.59,0.15,,,,
1322.09,0.15,,,,
1322.59,0.15,,,,
1323.09,0.15,,,,
1323.6,0.15,,,,
1324.09,0.15,,,,
1324.59,0.15,,,,
1325.09,0.15,,,,
1325.59,0.15,,,,
1326.09,0.15,,,,
1326.6,0.1,,,,
1327.09,0.1,,,,
1327.6,0.1,,,,
1328.09,0.1,,,,
1328.59,0.1,,,,
1329.09,0.1,,,,
1329.59,0.1,,,,
1330.09,0.1,,,,
1330.6,0.1,,,,
1331.09,0.15,,,,
1331.6,0.15,,,,
1332.09,0.15,,,,
1332.6,0.15,,,,
1333.09,0.15,,,,
1333.59,0.15,,,,
1334.09,0.15,,,,
1334.59,0.15,,,,
1335.09,0.15,,,,
1335.59,0.15,,,,
1336.09,0.15,,,,
1336.59,0.15,,,,
1337.09,0.15,,,,
1337.59,0.15,,,,
1338.09,0.15,,,,
1338.59,0.15,,,,
1339.09,0.15,,,,
1339.6,0.15,,,,
1340.09,0.15,,,,
1340.59,0.15,,,,
1341.09,0.15,,,,
1341.59,0.15,,,,
1342.09,0.15,,,,
1342.59,0.15,,,,
1343.09,0.15,,,,
1343.6,0.15,,,,
1344.09,0.15,,,,
1344.59,0.15,,,,
1345.09,0.15,,,,
1345.6,0.2,,,,
1346.09,0.24,,,,
1346.59,0.24,,,,
1347.09,0.24,,,,
1347.59,0.24,,,,
1348.09,0.24,,,,
1348.6,0.24,,,,
1349.09,0.24,,,,
1349.59,0.29,,,,
1350.09,0.29,,,,
1350.59,0.29,,,,
1351.09,0.29,,,,
1351.59,0.29,,,,
1352.09,0.29,,,,
1352.59,0.29,,,,
1353.09,0.29,,,,
1353.6,0.34,,,,
1354.09,0.34,,,,
1354.59,0.34,,,,
1355.09,0.34,,,,
1355.59,0.34,,,,
1356.09,0.34,,,,
1356.59,0.34,,,,
1357.09,0.34,,,,
1357.59,0.34,,,,
1358.09,0.34,,,,
1358.6,0.34,,,,
1359.09,0.34,,,,
1359.59,0.34,,,,
1360.09,0.34,,,,
1360.59,0.34,,,,
1361.09,0.34,,,,
1361.59,0.34,,,,
1362.09,0.34,,,,
1362.59,0.34,,,,
1363.09,0.34,,,,
1363.59,0.34,,,,
1364.09,0.34,,,,
1364.59,0.34,,,,
1365.09,0.34,,,,
1365.59,0.34,,,,
1366.09,0.34,,,,
1366.59,0.34,,,,
1367.09,0.34,,,,
1367.59,0.34,,,,
1368.09,0.34,,,,
1368.59,0.34,,,,
1369.09,0.34,,,,
1369.6,0.34,,,,
1370.09,0.34,,,,
1370.59,0.34,,,,
1371.09,0.34,,,,
1371.59,0.34,,,,
1372.09,0.34,,,,
1372.6,0.34,,,,
1373.09,0.34,,,,
1373.59,0.34,,,,
1374.09,0.34,,,,
1374.59,0.34,,,,
1375.09,0.34,,,,
1375.59,0.34,,,,
1376.09,0.34,,,,
1376.59,0.34,,,,
1377.09,0.34,,,,
1377.59,0.34,,,,
1378.09,0.34,,,,
1378.59,0.34,,,,
1379.09,0.34,,,,
1379.59,0.34,,,,
1380.09,0.34,,,,
1380.6,0.34,,,,
1381.09,0.29,,,,
1381.59,0.29,,,,
1382.09,0.34,,,,
1382.59,0.34,,,,
1383.09,0.34,,,,
1383.59,0.34,,,,
1384.09,0.29,,,,
1384.59,0.34,,,,
1385.09,0.29,,,,
1385.59,0.34,,,,
1386.09,0.34,,,,
1386.59,0.34,,,,
1387.09,0.34,,,,
1387.59,0.34,,,,
1388.09,0.29,,,,
1388.59,0.29,,,,
1389.09,0.29,,,,
1389.59,0.29,,,,
1390.09,0.29,,,,
1390.59,0.29,,,,
1391.09,0.29,,,,
1391.59,0.29,,,,
1392.09,0.29,,,,
1392.59,0.29,,,,
1393.09,0.29,,,,
1393.59,0.29,,,,
1394.09,0.29,,,,
1394.6,0.29,,,,
1395.09,0.29,,,,
1395.59,0.29,,,,
1396.09,0.29,,,,
1396.59,0.29,,,,
1397.09,0.29,,,,
1397.59,0.29,,,,
1398.09,0.29,,,,
1398.6,0.29,,,,
1399.09,0.29,,,,
1399.59,0.29,,,,
1400.09,0.29,,,,
1400.59,0.29,,,,
1401.09,0.29,,,,
1401.6,0.29,,,,
1402.09,0.29,,,,
1402.59,0.29,,,,
1403.09,0.29,,,,
1403.59,0.29,,,,
1404.09,0.29,,,,
1404.59,0.29,,,,
1405.09,0.29,,,,
1405.59,0.34,,,,
1406.09,0.34,,,,
1406.59,0.29,,,,
1407.09,0.29,,,,
1407.59,0.29,,,,
1408.09,0.34,,,,
1408.59,0.34,,,,
1409.09,0.34,,,,
1409.59,0.34,,,,
1410.09,0.34,,,,
1410.6,0.34,,,,
1411.09,0.34,,,,
1411.59,0.34,,,,
1412.09,0.34,,,,
1412.59,0.34,,,,
1413.09,0.34,,,,
1413.59,0.34,,,,
1414.09,0.34,,,,
1414.59,0.34,,,,
1415.09,0.34,,,,
1415.59,0.34,,,,
1416.09,0.34,,,,
1416.59,0.34,,,,
1417.09,0.34,,,,
1417.59,0.34,,,,
1418.09,0.34,,,,
1418.59,0.34,,,,
1419.09,0.34,,,,
1419.59,0.34,,,,
1420.09,0.34,,,,
1420.59,0.34,,,,
1421.09,0.34,,,,
1421.59,0.34,,,,
1422.09,0.34,,,,
1422.6,0.34,,,,
1423.09,0.34,,,,
1423.59,0.34,,,,
1424.09,0.29,,,,
1424.59,0.29,,,,
1425.09,0.29,,,,
1425.59,0.29,,,,
1426.09,0.29,,,,
1426.59,0.29,,,,
1427.09,0.29,,,,
1427.59,0.29,,,,
1428.09,0.29,,,,
1428.59,0.29,,,,
1429.09,0.29,,,,
1429.59,0.29,,,,
1430.09,0.29,,,,
1430.59,0.29,,,,
1431.09,0.29,,,,
1431.59,0.29,,,,
1432.09,0.29,,,,
1432.59,0.29,,,,
1433.09,0.29,,,,
1433.6,0.29,,,,
1434.09,0.29,,,,
1434.59,0.29,,,,
1435.09,0.29,,,,
1435.59,0.34,,,,
1436.09,0.34,,,,
1436.59,1.32,,,,
1437.09,1.51,,,,
1437.6,1.51,,,,
1438.09,1.51,,,,
1438.59,1.51,,,,
1439.09,1.51,,,,
1439.59,1.51,,,,
1440.09,1.51,,,,
1440.59,1.51,,,,
1441.09,1.51,,,,
1441.59,1.51,,,,
1442.09,1.51,,,,
1442.59,1.51,,,,
1443.09,1.51,,,,
1443.59,1.51,,,,
1444.09,1.51,,,,
1444.59,1.51,,,,
1445.09,1.51,,,,
1445.59,1.51,,,,
1446.09,1.51,,,,
1446.59,1.51,,,,
1447.09,1.51,,,,
1447.59,1.51,,,,
1448.09,1.51,,,,
1448.59,1.51,,,,
1449.09,1.51,,,,
1449.59,1.51,,,,
1450.09,1.51,,,,
1450.6,1.51,,,,
1451.09,1.51,,,,
1451.59,1.51,,,,
1452.09,1.51,,,,
1452.59,1.51,,,,
1453.09,1.51,,,,
1453.59,1.51,,,,
1454.09,1.51,,,,
1454.59,1.51,,,,
1455.09,1.51,,,,
1455.59,1.51,,,,
1456.09,1.51,,,,
1456.59,1.51,,,,
1457.09,1.51,,,,
1457.59,1.51,,,,
1458.09,1.51,,,,
1458.59,1.51,,,,
1459.09,1.51,,,,
1459.59,1.51,,,,
1460.09,1.51,,,,
1460.59,1.51,,,,
1461.09,1.51,,,,
1461.6,1.51,,,,
1462.09,1.51,,,,
1462.59,1.51,,,,
1463.09,1.51,,,,
1463.6,1.51,,,,
1464.09,1.51,,,,
1464.59,1.51,,,,
1465.09,1.51,,,,
1465.59,1.51,,,,
1466.09,1.51,,,,
1466.59,1.51,,,,
1467.09,1.51,,,,
1467.59,1.51,,,,
1468.09,1.51,,,,
1468.59,1.51,,,,
1469.09,1.51,,,,
1469.59,1.51,,,,
1470.09,1.51,,,,
1470.59,1.51,,,,
1471.1,1.51,,,,
1471.59,1.51,,,,
1472.09,1.51,,,,
1472.59,1.51,,,,
1473.09,1.51,,,,
1473.59,1.51,,,,
1474.09,1.51,,,,
1474.59,1.51,,,,
1475.09,1.51,,,,
1475.59,1.51,,,,
1476.09,1.51,,,,
1476.59,1.51,,,,
1477.09,1.51,,,,
1477.59,1.51,,,,
1478.09,1.51,,,,
1478.59,1.51,,,,
1479.09,1.51,,,,
1479.59,1.51,,,,
1480.09,1.51,,,,
1480.59,1.51,,,,
1481.09,1.51,,,,
1481.59,1.51,,,,
1482.09,1.51,,,,
1482.59,1.51,,,,
1483.09,1.51,,,,
1483.59,1.51,,,,
1484.09,1.56,,,,
1484.59,1.56,,,,
1485.09,1.51,,,,
1485.59,1.56,,,,
1486.09,1.56,,,,
1486.6,1.56,,,,
1487.09,1.51,,,,
1487.59,1.51,,,,
1488.09,1.51,,,,
1488.59,1.51,,,,
1489.09,1.51,,,,
1489.59,1.51,,,,
1490.09,1.51,,,,
1490.59,1.51,,,,
1491.09,1.51,,,,
1491.59,1.51,,,,
1492.09,1.51,,,,
1492.59,1.51,,,,
1493.09,1.51,,,,
1493.59,1.51,,,,
1494.09,1.51,,,,
1494.59,1.51,,,,
1495.09,1.51,,,,
1495.59,1.51,,,,
1496.09,1.51,,,,
1496.59,1.51,,,,
1497.09,1.51,,,,
1497.6,1.51,,,,
1498.09,1.51,,,,
1498.59,1.51,,,,
1499.09,1.51,,,,
1499.59,1.51,,,,
1500.09,1.51,,,,
1500.59,1.51,,,,
1501.09,1.51,,,,
1501.59,1.51,,,,
1502.09,1.51,,,,
1502.59,1.51,,,,
1503.09,1.51,,,,
1503.59,1.51,,,,
1504.09,1.51,,,,
1504.59,1.51,,,,
1505.09,1.51,,,,
1505.59,1.51,,,,
1506.09,1.51,,,,
1506.59,1.51,,,,
1507.09,1.51,,,,
1507.59,1.51,,,,
1508.09,1.51,,,,
1508.59,1.51,,,,
1509.09,1.51,,,,
1509.59,1.51,,,,
1510.09,1.56,,,,
1510.59,1.51,,,,
1511.09,1.56,,,,
1511.59,1.51,,,,
1512.09,1.51,,,,
1512.59,1.51,,,,
1513.09,1.56,,,,
1513.59,1.51,,,,
1514.09,1.51,,,,
1514.59,1.51,,,,
1515.09,1.51,,,,
1515.59,1.51,,,,
1516.09,1.51,,,,
1516.59,1.51,,,,
1517.09,1.51,,,,
1517.59,1.51,,,,
1518.09,1.51,,,,
1518.59,1.51,,,,
1519.09,1.51,,,,
1519.59,1.51,,,,
1520.09,1.51,,,,
1520.59,1.51,,,,
1521.09,1.51,,,,
1521.59,1.51,,,,
1522.09,1.51,,,,
1522.59,1.51,,,,
1523.09,1.51,,,,
1523.59,1.51,,,,
1524.09,1.51,,,,
1524.59,1.51,,,,
1525.09,1.51,,,,
1525.59,1.51,,,,
1526.09,1.51,,,,
1526.59,1.51,,,,
1527.09,1.51,,,,
1527.59,1.51,,,,
1528.09,1.51,,,,
1528.59,1.51,,,,
1529.09,1.51,,,,
1529.59,1.51,,,,
1530.09,1.51,,,,
1530.59,1.51,,,,
1531.09,1.51,,,,
1531.59,1.51,,,,
1532.09,1.51,,,,
1532.59,1.51,,,,
1533.09,1.51,,,,
1533.59,1.51,,,,
1534.09,1.51,,,,
1534.59,1.51,,,,
1535.09,1.51,,,,
1535.59,1.51,,,,
1536.09,1.51,,,,
1536.59,1.51,,,,
1537.09,1.51,,,,
1537.59,1.51,,,,
1538.09,1.51,,,,
1538.59,1.51,,,,
1539.09,1.51,,,,
1539.59,1.51,,,,
1540.09,1.51,,,,
1540.59,1.56,,,,
1541.09,1.51,,,,
1541.59,1.51,,,,
1542.09,1.51,,,,
1542.59,1.51,,,,
1543.09,1.51,,,,
1543.59,1.51,,,,
1544.09,1.51,,,,
1544.59,1.51,,,,
1545.09,1.51,,,,
1545.59,1.51,,,,
1546.09,1.51,,,,
1546.59,1.51,,,,
1547.09,1.51,,,,
1547.59,1.51,,,,
1548.09,1.51,,,,
1548.59,1.51,,,,
1549.09,1.51,,,,
1549.59,1.56,,,,
1550.09,1.56,,,,
1550.59,1.51,,,,
1551.09,1.51,,,,
1551.59,1.51,,,,
1552.09,1.51,,,,
1552.59,1.51,,,,
1553.09,1.51,,,,
1553.59,1.51,,,,
1554.09,1.51,,,,
1554.59,1.51,,,,
1555.09,1.51,,,,
1555.59,1.51,,,,
1556.09,1.51,,,,
1556.59,1.51,,,,
1557.09,1.51,,,,
1557.59,1.51,,,,
1558.09,1.51,,,,
1558.59,1.51,,,,
1559.09,1.51,,,,
1559.59,1.51,,,,
1560.09,1.51,,,,
1560.59,1.51,,,,
1561.09,1.51,,,,
1561.59,1.51,,,,
1562.09,1.51,,,,
1562.59,1.51,,,,
1563.09,1.51,,,,
1563.59,1.51,,,,
1564.09,1.51,,,,
1564.59,1.51,,,,
1565.09,1.51,,,,
1565.59,1.51,,,,
1566.09,1.51,,,,
1566.59,1.51,,,,
1567.09,1.51,,,,
1567.59,1.51,,,,
1568.09,1.51,,,,
1568.59,1.51,,,,
1569.09,1.51,,,,
1569.59,1.51,,,,
1570.09,1.51,,,,
1570.59,1.51,,,,
1571.09,1.51,,,,
1571.59,1.51,,,,
1572.1,1.51,,,,
1572.59,1.51,,,,
1573.09,1.51,,,,
1573.59,1.51,,,,
1574.09,1.56,,,,
1574.59,1.56,,,,
1575.09,1.56,,,,
1575.59,1.56,,,,
1576.09,1.56,,,,
1576.59,1.56,,,,
1577.09,1.56,,,,
1577.59,1.56,,,,
1578.09,1.56,,,,
1578.59,1.56,,,,
1579.09,1.56,,,,
1579.59,1.56,,,,
1580.09,1.56,,,,
1580.59,1.56,,,,
1581.09,1.56,,,,
1581.59,1.56,,,,
1582.09,1.56,,,,
1582.59,1.56,,,,
1583.09,1.56,,,,
1583.59,1.51,,,,
1584.09,1.51,,,,
1584.67,1.51,,,,
1585.09,1.51,,,,
1585.59,1.51,,,,
1586.09,1.51,,,,
1586.59,1.56,,,,
1587.1,1.56,,,,
1587.59,1.56,,,,
1588.09,1.56,,,,
1588.59,1.56,,,,
,,,,,
,,,,,
,,,,,
,,,,,
,,,,,
,,,,,
,,,,,
,,,,,
,,,,,
,,,,,
,,,,,
,,,,,
,,,,,
,,,,,
,,,,,
,,,,,
,,,,,
,,,,,
,,,,,
,,,,,
,,,,,
,,,,,
,,,,,
,,,,,
,,,,,
,,,,,
,,,,,
,,,,,
,,,,,
,,,,,
,,,,,
,,,,,
,,,,,
,,,,,
,,,,,
,,,,,
,,,,,
,,,,,
,,,,,
,,,,,
,,,,,
,,,,,
,,,,,
,,,,,
,,,,,
,,,,,
,,,,,
,,,,,
,,,,,
,,,,,
,,,,,
,,,,,
,,,,,
,,,,,
,,,,,
,,,,,
,,,,,
,,,,,
,,,,,
,,,,,
,,,,,
,,,,,
,,,,,
,,,,,
,,,,,
,,,,,
,,,,,
,,,,,
,,,,,
,,,,,
,,,,,
,,,,,
,,,,,
,,,,,
,,,,,
,,,,,
,,,,,
,,,,,
,,,,,
,,,,,
,,,,,
,,,,,
,,,,,
,,,,,
,,,,,
,,,,,
,,,,,
,,,,,
,,,,,
,,,,,
,,,,,
,,,,,
,,,,,
,,,,,
,,,,,
,,,,,
,,,,,
,,,,,
,,,,,
,,,,,
,,,,,
,,,,,
,,,,,
,,,,,
,,,,,
,,,,,
,,,,,
,,,,,
,,,,,
,,,,,
,,,,,
,,,,,
,,,,,
,,,,,
,,,,,
,,,,,
,,,,,
,,,,,
,,,,,
,,,,,
,,,,,
,,,,,
,,,,,
,,,,,
,,,,,
,,,,,
,,,,,
,,,,,
,,,,,
,,,,,
,,,,,
,,,,,
,,,,,
,,,,,
,,,,,
,,,,,
,,,,,
,,,,,
,,,,,
,,,,,
,,,,,
,,,,,
,,,,,
,,,,,
,,,,,
,,,,,
,,,,,
,,,,,
,,,,,
,,,,,
,,,,,
,,,,,
,,,,,
,,,,,
,,,,,
,,,,,
,,,,,
,,,,,
